-- phpMyAdmin SQL Dump
-- version 4.8.4
-- https://www.phpmyadmin.net/
--
-- Host: localhost
-- Generation Time: Dec 14, 2019 at 11:30 AM
-- Server version: 10.1.37-MariaDB
-- PHP Version: 7.3.0

SET SQL_MODE = "NO_AUTO_VALUE_ON_ZERO";
SET AUTOCOMMIT = 0;
START TRANSACTION;
SET time_zone = "+00:00";


/*!40101 SET @OLD_CHARACTER_SET_CLIENT=@@CHARACTER_SET_CLIENT */;
/*!40101 SET @OLD_CHARACTER_SET_RESULTS=@@CHARACTER_SET_RESULTS */;
/*!40101 SET @OLD_COLLATION_CONNECTION=@@COLLATION_CONNECTION */;
/*!40101 SET NAMES utf8mb4 */;

--
-- Database: `dbstock`
--
CREATE DATABASE IF NOT EXISTS `dbstock` DEFAULT CHARACTER SET latin1 COLLATE latin1_swedish_ci;
USE `dbstock`;

-- --------------------------------------------------------

--
-- Table structure for table `batch_master`
--

CREATE TABLE `batch_master` (
  `id` int(11) NOT NULL,
  `batch` varchar(50) NOT NULL,
  `leaves` decimal(10,3) NOT NULL,
  `tobacco` decimal(10,3) NOT NULL,
  `bl_sutta` decimal(10,4) NOT NULL,
  `wh_sutta` decimal(10,4) NOT NULL,
  `filter` decimal(10,3) NOT NULL,
  `index_value` varchar(11) NOT NULL
) ENGINE=InnoDB DEFAULT CHARSET=latin1;

--
-- Dumping data for table `batch_master`
--

INSERT INTO `batch_master` (`id`, `batch`, `leaves`, `tobacco`, `bl_sutta`, `wh_sutta`, `filter`, `index_value`) VALUES
(1, 'UP/650', '0.650', '0.280', '0.0083', '0.0044', '0.000', 'A'),
(2, 'UC/750', '0.750', '0.280', '0.0083', '0.0044', '0.000', 'C'),
(4, 'F/700', '0.700', '0.280', '0.0083', '0.0044', '1.000', 'B'),
(5, 'A/560', '0.560', '0.280', '0.0000', '0.0000', '0.000', 'E'),
(6, 'O/600', '0.600', '0.280', '0.0083', '0.0044', '0.000', 'F');

-- --------------------------------------------------------

--
-- Table structure for table `batch_wise_stock`
--

CREATE TABLE `batch_wise_stock` (
  `id` int(11) NOT NULL,
  `item` varchar(50) NOT NULL,
  `batch` varchar(50) NOT NULL,
  `qty` decimal(10,3) NOT NULL,
  `alt_unit` varchar(50) NOT NULL,
  `alt_qty` decimal(10,3) NOT NULL
) ENGINE=InnoDB DEFAULT CHARSET=latin1;

--
-- Dumping data for table `batch_wise_stock`
--

INSERT INTO `batch_wise_stock` (`id`, `item`, `batch`, `qty`, `alt_unit`, `alt_qty`) VALUES
(1, '2', 'TOBACCO MIXTURE', '0.000', 'BAGS', '0.000'),
(2, '2', 'AKOL', '0.000', 'BAGS', '0.000'),
(3, '2', 'LASUNDARA', '0.000', 'BAGS', '0.000'),
(4, '2', 'DIAMOND', '0.000', 'BAGS', '0.000'),
(5, '2', 'PANGIR', '0.000', 'BAGS', '0.000'),
(6, '2', 'AMBALAL', '0.000', 'BAGS', '0.000'),
(7, '2', '3RD GRADE', '0.000', 'BAGS', '0.000'),
(8, '2', 'KANDI', '0.000', 'BAGS', '0.000'),
(9, '1', 'batch1', '0.000', '0', '0.000'),
(10, '2', 'sds', '0.000', '0', '0.000'),
(11, '2', 'tobaccobatch', '0.000', '0', '0.000'),
(12, '3', 'sadf', '0.000', '0', '0.000');

-- --------------------------------------------------------

--
-- Table structure for table `checker_master`
--

CREATE TABLE `checker_master` (
  `id` int(11) NOT NULL,
  `name` varchar(50) NOT NULL,
  `mobile` varchar(15) NOT NULL,
  `address` varchar(100) NOT NULL,
  `short_code` varchar(50) NOT NULL,
  `index_value` varchar(11) NOT NULL
) ENGINE=InnoDB DEFAULT CHARSET=latin1;

--
-- Dumping data for table `checker_master`
--

INSERT INTO `checker_master` (`id`, `name`, `mobile`, `address`, `short_code`, `index_value`) VALUES
(1, 'BIPADTARAN GOSWAMI', '0', '0', 'BG', 'A'),
(2, 'MEGHNATH MAHATO', '0', '0', 'MM', 'B'),
(3, 'ANIL KUMAR', '0', '0', 'AK', 'C'),
(4, 'RAJU KUMAR', '0', '0', 'RK', 'D'),
(5, 'NAVIN MAHATO', '0', '0', 'NM', 'E'),
(6, 'SRI HARI KUMAR', '0', '0', 'SHK', 'F');

-- --------------------------------------------------------

--
-- Table structure for table `company_management`
--

CREATE TABLE `company_management` (
  `id` int(11) NOT NULL,
  `company_name` varchar(50) NOT NULL,
  `state` varchar(250) NOT NULL,
  `state_code` int(11) NOT NULL,
  `address` varchar(150) NOT NULL,
  `email` varchar(50) NOT NULL,
  `phone` varchar(50) NOT NULL,
  `gst` varchar(20) NOT NULL,
  `pan` varchar(20) NOT NULL,
  `bank` varchar(30) NOT NULL,
  `branch` varchar(50) NOT NULL,
  `ac_no` varchar(20) NOT NULL,
  `ifsc` varchar(20) NOT NULL
) ENGINE=InnoDB DEFAULT CHARSET=latin1;

--
-- Dumping data for table `company_management`
--

INSERT INTO `company_management` (`id`, `company_name`, `state`, `state_code`, `address`, `email`, `phone`, `gst`, `pan`, `bank`, `branch`, `ac_no`, `ifsc`) VALUES
(1, 'xyz soluation', '41', 19, 'rajkot', 'smorvadiya931@rku.ac.in', '7574865414', 'sad101', '1232', 'sbi', 'ALLY SOFT SOLUTIONS', '123', '323');

-- --------------------------------------------------------

--
-- Table structure for table `con-party_master`
--

CREATE TABLE `con-party_master` (
  `id` int(11) NOT NULL,
  `party` varchar(250) NOT NULL,
  `name` varchar(250) NOT NULL,
  `state` varchar(250) NOT NULL,
  `state_code` int(11) NOT NULL,
  `address` varchar(300) NOT NULL,
  `postoffice` varchar(250) NOT NULL,
  `district` varchar(200) NOT NULL,
  `pin` int(6) NOT NULL,
  `pan` varchar(200) NOT NULL,
  `aadhar` varchar(200) NOT NULL,
  `gstno` varchar(200) NOT NULL,
  `pfcode` varchar(200) DEFAULT NULL,
  `doj` date DEFAULT NULL,
  `security` varchar(200) DEFAULT NULL,
  `bankac` varchar(250) NOT NULL,
  `bankname` varchar(200) NOT NULL,
  `amount` int(11) NOT NULL,
  `ifsc` varchar(200) NOT NULL,
  `index_value` varchar(250) NOT NULL,
  `close_date` date NOT NULL,
  `status` tinyint(1) NOT NULL DEFAULT '1',
  `tds` varchar(11) NOT NULL DEFAULT 'yes',
  `pf` varchar(11) NOT NULL,
  `ledger` varchar(50) NOT NULL
) ENGINE=InnoDB DEFAULT CHARSET=utf8;

--
-- Dumping data for table `con-party_master`
--

INSERT INTO `con-party_master` (`id`, `party`, `name`, `state`, `state_code`, `address`, `postoffice`, `district`, `pin`, `pan`, `aadhar`, `gstno`, `pfcode`, `doj`, `security`, `bankac`, `bankname`, `amount`, `ifsc`, `index_value`, `close_date`, `status`, `tds`, `pf`, `ledger`) VALUES
(2, 'contractor', '4-BISHNU PADA MAJHI', '41', 19, 'BANDHA GHAT', 'JHALDA', 'PURULIA', 723202, 'DJSPM3836A', 'DFGH', 'SDFG', '176', '2017-04-01', '20000', 'DFGH', 'DFG', 0, '', 'B', '0000-00-00', 1, 'no', 'no', 'sundry_creditors'),
(3, 'contractor', '5-BABLU KUMAR', '41', 19, 'BANDHA GHAT', 'JHALDA', 'PURULIA', 723202, 'BCDPK3306D', 'DFGH', 'DFG', '139', '2017-04-01', '20000', 'SDFG', 'DFGH', 0, '', 'C', '0000-00-00', 1, 'yes', 'yes', 'sundry_creditors'),
(4, 'contractor', '60-BHARAT KUMAR', '41', 19, 'BANDHA GHAT', 'JHALDA', 'PURULIA', 723202, 'AIYPK3417H', 'na', 'NA', '165', '2017-04-01', '6000', '4405101000952', 'CANARA BANK', 0, '', 'D', '0000-00-00', 1, 'yes', 'yes', 'sundry_creditors'),
(5, 'contractor', '11-SADANANDA KUMAR', '41', 19, 'BANDHA GHAT', 'JHALDA', 'PURULIA', 723202, '', 'MKJHK', 'JKHKHK', '40', '2017-04-01', '6000', 'KHKHHK', 'HKHK', 0, '', 'E', '0000-00-00', 1, 'yes', 'yes', 'sundry_creditors'),
(6, 'contractor', '14-PRAFULLYA KUMAR', '41', 19, 'BANDHA GHAT', 'JHALDA', 'PURULIA', 723202, '', 'SDFGHJ', 'DFGHJ', '144', '2017-04-01', '', 'DFGHJ', 'DFGH', 0, '', 'F', '0000-00-00', 1, 'yes', 'yes', 'sundry_creditors'),
(7, 'contractor', '57-SAHUD ANSARI', '41', 19, 'BANDHA GHAT', 'JHALDA', 'PURULIA', 723202, 'AULPA2755P', '473189485895', 'NA', '177', '2017-04-01', '20000', '4405101000956', 'CANARA BANK', 0, '', 'A', '0000-00-00', 1, 'yes', 'yes', 'sundry_creditors'),
(8, 'contractor', '19-ANANDA MAHATO', '41', 19, 'BANDHA GHAT', 'JHALDA', 'PURULIA', 723202, 'ASKPM7472Q', 'GJHGJJ', 'GJGJGJ', '122', '2017-04-02', '20000', 'GJGJGJ', 'GJJJJ', 0, '', 'B', '0000-00-00', 1, 'yes', 'yes', 'sundry_creditors'),
(9, 'contractor', '23-DABLU KUMAR', '41', 19, 'BANDHA GHAT', 'JHALDA', 'PURULIA', 723202, 'ESVPK8805C', 'DFHGJHKJ', 'DHFGJH', '178', '2017-04-01', '0', 'DHFGJ', 'DHGJH', 0, '', 'A', '0000-00-00', 1, 'yes', '', 'sundry_creditors'),
(10, 'contractor', '48-ASHOK KUMAR', '41', 19, 'BANDHA GHAT', 'JHALDA', 'PURULIA', 723202, 'AIYPK3406E', '208934510722', 'NA', '69', '2017-04-01', '20000', '4405101000960', 'CANARA BANK', 0, '', 'A', '0000-00-00', 1, 'yes', 'yes', 'sundry_creditors'),
(11, 'contractor', '26-SRISHTIDHAR KUMAR', '41', 19, 'BANDHA GHAT', 'JHALDA', 'PURULIA', 723202, 'BHEPK5399A', 'HGHJGJH', 'GJGJ', '151', '2017-04-01', '20000', 'GJGJ', 'GJGJ', 0, '', 'A', '0000-00-00', 1, 'yes', 'yes', 'sundry_creditors'),
(12, 'contractor', '39-TARUN KANTI KUMAR', '41', 19, 'BANDHA GHAT', 'JHALDA', 'PURULIA', 723202, 'AYKPK1705A', 'na', 'NA', '44', '2017-04-01', '20000', '4405101000701', 'CANARA BANK', 0, '', 'A', '0000-00-00', 1, 'yes', 'yes', 'sundry_creditors'),
(13, 'contractor', '21-MANINDRA NATH MAHATO', '41', 19, 'BANDHA GHAT', 'JHALDA', 'PURULIA', 723202, 'BRHPM6547D', 'JHJGH', 'HGJGJ', '180', '2017-04-01', '', 'GJGJJ', 'GJGJJ', 0, '', 'A', '0000-00-00', 1, 'yes', 'yes', 'sundry_creditors'),
(14, 'contractor', '52-PARAN CHANDRA KUMAR', '41', 19, 'BANDHA GHAT', 'JHALDA', 'PURULIA', 723202, 'AIYPK3410A', 'KKHKHK', 'KKKKK', '23', '2017-04-01', '20000', 'KKKKK', 'KKK', 0, '', 'A', '0000-00-00', 1, 'yes', 'yes', 'sundry_creditors'),
(15, 'contractor', '15-SHRINATH KUMAR', '41', 19, 'BANDHA GHAT', 'JHALDA', 'PURULIA', 723202, 'BVCPK5068E', 'na', 'NA', '168', '2017-04-01', '20000', '4405101000980', 'CANARA BANK', 0, '', 'B', '0000-00-00', 1, 'yes', 'yes', 'sundry_creditors'),
(16, 'contractor', '10-LAKHIRAM KUMAR', '41', 19, 'BANDHA GHAT', 'JHALDA', 'PURULIA', 723202, 'EWEPK8822G', '305733684217', 'NA', '48', '2017-04-01', '20000', '4405101001834', 'CANARA BANK', 0, '', 'C', '0000-00-00', 1, 'yes', 'yes', 'sundry_creditors'),
(17, 'contractor', '16-DINANATH MAHATO', '41', 19, 'BANDHA GHAT', 'JHALDA', 'PURULIA', 723202, 'ASKPM7469D', 'FGHJ', 'QDFGHJ', '112', '2017-04-01', '20000', 'SDFGHJ', 'DFGH', 0, '', 'D', '0000-00-00', 1, 'yes', 'yes', 'sundry_creditors'),
(18, 'contractor', '1-ANATH KUMAR', '41', 19, 'BANDHA GHAT', 'JHALDA', 'PURULIA', 723202, '', 'NA', 'NA', '116', '2017-04-01', '20000', '4405101000970', 'CANARA BANK', 0, '', 'A', '0000-00-00', 1, 'yes', 'yes', 'sundry_creditors'),
(19, 'contractor', '35-SHREEPADA MAHATO', '41', 19, 'BANDHA GHAT', 'JHALDA', 'PURULIA', 723202, 'AHJPM7678N', 'HKJHKH', 'HKHKHK', '62', '2017-04-01', '20000', 'KHK', 'KHKHK', 0, '', 'A', '0000-00-00', 1, 'yes', 'yes', 'sundry_creditors'),
(20, 'contractor', '8-MURULI KUMAR', '41', 19, 'BANDHA GHAT', 'JHALDA', 'PURULIA', 723202, '', 'DFGHJ', 'SDFGH', '42', '2017-04-01', '20000', 'SDFGH', 'DFGH', 0, '', 'A', '0000-00-00', 1, 'yes', 'yes', 'sundry_creditors'),
(22, 'party', 'BHAGAT TOBACCO', '41', 19, '', '', '', 0, '', '', '', '', '2019-03-19', '', '', '', 21000, '', 'a', '0000-00-00', 1, 'yes', '', 'sundry_creditors'),
(23, 'party', 'SIDDHI TRADERS', '', 0, '', '', '', 0, '', '', '', '', '0000-00-00', '', '', '', 0, '', 'b', '0000-00-00', 1, 'yes', '', 'sundry_creditors'),
(24, 'party', 'AMBIKA TOBACCO', '', 0, '', '', '', 0, '', '', '', '', '0000-00-00', '', '', '', 0, '', 'c', '0000-00-00', 1, 'yes', '', 'sundry_creditors'),
(26, 'contractor', '12-NIMAI MAHATO', '41', 19, 'KOTSHILA', 'KOTSHILA', 'PURULIA', 0, '', '', '', '', '2019-03-25', '10000', '', '', 0, '', 'B', '0000-00-00', 1, 'yes', 'no', 'sundry_creditors'),
(27, 'contractor', 'GOLOK GOPE', '41', 19, '', '', '', 0, '', '', '', '', '2019-04-01', '', '', '', 0, '', 'B', '0000-00-00', 1, 'yes', 'no', 'sundry_creditors'),
(28, 'contractor', '40-SUBHASH MAHATO', '41', 19, '', '', '', 0, '', '', '', '', '2019-04-01', '10000', '', '', 0, '', 'C', '0000-00-00', 1, 'yes', 'no', 'sundry_creditors'),
(29, 'contractor', '41-BISHNU PADA MAHATO', '41', 19, '', '', '', 0, '', '', '', '', '2019-04-01', '10000', '', '', 0, '', 'D', '0000-00-00', 1, 'yes', 'no', 'sundry_creditors'),
(30, 'contractor', '44-BHUTNATH KAIWARTA', '41', 19, '', '', '', 0, '', '', '', '', '2019-04-01', '', '', '', 0, '', 'E', '0000-00-00', 1, 'yes', 'no', 'sundry_creditors'),
(31, 'contractor', '46-SUBHOD MAHATO', '41', 19, '', '', '', 0, '', '', '', '', '2019-04-01', '10000', '', '', 0, '', 'F', '0000-00-00', 1, 'yes', 'no', 'sundry_creditors'),
(32, 'contractor', '53-ABINASH MAHATO', '41', 19, '', '', '', 0, '', '', '', '', '2019-04-01', '', '', '', 0, '', 'G', '0000-00-00', 1, 'yes', 'no', 'sundry_creditors'),
(33, 'contractor', 'MEGHNATH MAHATO', '41', 19, '', '', '', 0, '', '', '', '', '2019-04-01', '', '', '', 0, '', 'H', '0000-00-00', 1, 'yes', 'no', 'sundry_creditors'),
(34, 'ledger', 'CASH', '41', 19, '', '', '', 0, '', '', '', '', '2019-04-01', '', '', '', 0, '', '', '0000-00-00', 1, 'no', 'no', 'cash_in_hand'),
(35, 'contractor', 'MAKSUD ANSARI', '16', 20, '', '', '', 0, '', '', '', '', '2019-04-01', '', '', '', 0, '', 'Z', '0000-00-00', 1, 'no', 'no', 'sundry_creditors'),
(36, 'contractor', 'PRAFULLYA MANDAL', '16', 20, '', '', '', 0, '', '', '', '', '0000-00-00', '', '', '', 0, '', 'Z', '0000-00-00', 1, 'no', 'no', 'sundry_creditors'),
(37, 'contractor', 'MANISH CHOURASIA', '16', 20, '', '', '', 0, '', '', '', '', '0000-00-00', '', '', '', 0, '', 'Z', '0000-00-00', 1, 'no', 'no', 'sundry_creditors'),
(38, 'contractor', 'ANUP PANDIT', '5', 10, '', '', '', 0, '', '', '', '', '0000-00-00', '', '', '', 0, '', 'Z', '0000-00-00', 1, 'no', 'no', 'sundry_creditors'),
(39, 'contractor', 'MANOHAR PANDIT', '5', 10, '', '', '', 0, '', '', '', '', '0000-00-00', '', '', '', 0, '', 'Z', '0000-00-00', 1, 'no', 'no', 'sundry_creditors'),
(40, 'contractor', '43-NABADWIP MAHATO', '41', 19, '', '', '', 0, '', '', '', '', '2019-04-01', '10000', '', '', 0, '', 'C', '0000-00-00', 1, 'yes', 'no', 'sundry_creditors'),
(41, 'ledger', 'JAA', '41', 19, '', '', '', 0, '', '', '', '', '2019-04-01', '', '', '', 0, '', '', '0000-00-00', 1, 'no', 'no', 'bank_account'),
(42, 'contractor', 'BISHNU SAHA', '41', 19, '', '', '', 0, '', '', '', '', '2019-04-01', '', '', '', 0, '', 'c', '0000-00-00', 1, 'no', 'no', 'sundry_creditors'),
(43, 'party', 'Hind', '21', 23, 'RAJKOT', '', '', 0, '', '', '', '', '0000-00-00', '', '', '', 0, '', '', '0000-00-00', 1, '', '', 'sundry_creditors'),
(44, 'party', 'AAA', '38', 9, '', '', '', 0, '', '', '', '', '0000-00-00', '', '', '', 0, '', 'A', '0000-00-00', 1, '', '', 'sundry_debitors'),
(45, 'contractor', 'BHIM KUMAR', '41', 19, '', '', '', 0, '', '', '', '', '2019-05-01', '', '', '', 0, '', '', '0000-00-00', 1, 'yes', 'no', 'sundry_creditors');

-- --------------------------------------------------------

--
-- Table structure for table `contractor_master`
--

CREATE TABLE `contractor_master` (
  `id` int(11) NOT NULL,
  `c_id` int(11) NOT NULL,
  `batch` varchar(200) NOT NULL,
  `tobacco` decimal(10,3) NOT NULL,
  `leaves` decimal(10,3) NOT NULL,
  `blackYarn` decimal(10,3) NOT NULL,
  `whiteyarn` decimal(10,3) NOT NULL,
  `filter` decimal(10,3) NOT NULL
) ENGINE=InnoDB DEFAULT CHARSET=utf8;

--
-- Dumping data for table `contractor_master`
--

INSERT INTO `contractor_master` (`id`, `c_id`, `batch`, `tobacco`, `leaves`, `blackYarn`, `whiteyarn`, `filter`) VALUES
(1, 18, '1', '48.000', '179.000', '1.000', '1.000', '90.000'),
(3, 3, '1', '35.000', '168.000', '1.000', '1.000', '50.000'),
(4, 20, '1', '41.000', '263.000', '1.000', '1.000', '150.000'),
(5, 16, '1', '20.000', '182.000', '2.000', '2.000', '34.545'),
(6, 5, '1', '44.000', '55.395', '1.000', '1.000', '2.000'),
(7, 26, '1', '35.538', '65.028', '1.587', '0.773', '0.000'),
(8, 6, '1', '16.000', '10.106', '1.000', '1.000', '7.028'),
(9, 15, '1', '25.000', '82.000', '1.000', '1.000', '40.000'),
(10, 17, '1', '32.000', '62.000', '1.000', '1.000', '5.000'),
(11, 8, '2', '22.000', '68.000', '1.000', '1.000', '10.000'),
(12, 13, '1', '43.000', '55.000', '1.000', '1.000', '0.000'),
(13, 11, '1', '28.000', '50.000', '-1.509', '-0.630', '22.909'),
(14, 19, '2', '0.000', '139.725', '0.000', '0.000', '0.000'),
(15, 19, '1', '25.000', '218.275', '21.421', '-22.628', '78.655'),
(16, 12, '1', '25.000', '37.000', '1.608', '-1.140', '78.000'),
(17, 28, '1', '42.000', '65.000', '1.000', '1.000', '60.000'),
(18, 29, '1', '49.000', '50.000', '1.000', '1.000', '0.000'),
(19, 40, '1', '23.000', '69.000', '1.000', '1.000', '5.249'),
(20, 30, '1', '43.000', '42.000', '1.000', '1.000', '0.000'),
(21, 31, '1', '17.000', '42.000', '1.393', '1.116', '0.000'),
(22, 10, '1', '49.000', '66.000', '1.000', '1.000', '14.000'),
(23, 14, '1', '40.000', '51.000', '1.000', '1.000', '42.000'),
(24, 32, '1', '17.000', '13.603', '1.000', '1.000', '5.000'),
(25, 7, '1', '23.000', '129.000', '1.000', '1.000', '100.000'),
(26, 4, '1', '18.000', '133.000', '1.000', '1.000', '24.388'),
(27, 27, '6', '2.000', '6.756', '1.000', '0.348', '0.000'),
(28, 33, '1', '3.500', '23.083', '1.282', '1.963', '12.000'),
(29, 2, '1', '30.000', '103.000', '1.000', '1.000', '80.000');

-- --------------------------------------------------------

--
-- Table structure for table `cont_adj`
--

CREATE TABLE `cont_adj` (
  `id` int(11) NOT NULL,
  `date` date NOT NULL,
  `contractor` varchar(50) NOT NULL,
  `batch` varchar(50) NOT NULL,
  `tobacco` decimal(10,3) NOT NULL,
  `leaves` decimal(10,3) NOT NULL,
  `bl_yarn` decimal(10,3) NOT NULL,
  `wh_yarn` decimal(10,3) NOT NULL,
  `filter` decimal(10,3) NOT NULL,
  `tobacco_amt` decimal(10,2) NOT NULL,
  `leaves_amt` decimal(10,2) NOT NULL,
  `bl_yarn_amt` decimal(10,2) NOT NULL,
  `wh_yarn_amt` decimal(10,2) NOT NULL,
  `filter_amt` decimal(10,2) NOT NULL
) ENGINE=InnoDB DEFAULT CHARSET=latin1;

--
-- Dumping data for table `cont_adj`
--

INSERT INTO `cont_adj` (`id`, `date`, `contractor`, `batch`, `tobacco`, `leaves`, `bl_yarn`, `wh_yarn`, `filter`, `tobacco_amt`, `leaves_amt`, `bl_yarn_amt`, `wh_yarn_amt`, `filter_amt`) VALUES
(1, '2019-04-13', '7', '1', '2.000', '2.000', '0.000', '0.000', '0.000', '280.00', '280.00', '0.00', '0.00', '0.00'),
(2, '2019-04-13', '6', '1', '0.500', '0.000', '0.000', '0.000', '0.000', '70.00', '0.00', '0.00', '0.00', '0.00'),
(3, '2019-04-13', '27', '1', '0.000', '0.500', '0.000', '0.000', '0.000', '0.00', '70.00', '0.00', '0.00', '0.00');

-- --------------------------------------------------------

--
-- Table structure for table `cont_issue_receive`
--

CREATE TABLE `cont_issue_receive` (
  `id` int(11) NOT NULL,
  `date` date NOT NULL,
  `cont_name` varchar(50) NOT NULL,
  `checker_name` varchar(50) NOT NULL,
  `batch1` varchar(50) NOT NULL,
  `asal_bidi` decimal(10,3) NOT NULL,
  `chant_bidi_pcs` decimal(10,3) NOT NULL,
  `chant_bidi_kgs` decimal(10,3) NOT NULL,
  `wages` varchar(50) NOT NULL,
  `qlty` varchar(50) NOT NULL,
  `tob_wt` decimal(10,3) NOT NULL,
  `batch2` varchar(50) NOT NULL,
  `tob` decimal(10,3) NOT NULL,
  `tob_bag` int(11) NOT NULL,
  `leaves` decimal(10,3) NOT NULL,
  `leaves_bag` int(11) NOT NULL,
  `bl_yarn` decimal(10,3) NOT NULL,
  `wh_yarn` decimal(10,3) NOT NULL,
  `filter` decimal(10,3) NOT NULL,
  `disc` int(11) NOT NULL,
  `cartons` int(11) NOT NULL
) ENGINE=InnoDB DEFAULT CHARSET=latin1;

--
-- Dumping data for table `cont_issue_receive`
--

INSERT INTO `cont_issue_receive` (`id`, `date`, `cont_name`, `checker_name`, `batch1`, `asal_bidi`, `chant_bidi_pcs`, `chant_bidi_kgs`, `wages`, `qlty`, `tob_wt`, `batch2`, `tob`, `tob_bag`, `leaves`, `leaves_bag`, `bl_yarn`, `wh_yarn`, `filter`, `disc`, `cartons`) VALUES
(1, '2019-04-01', '8', '1', '2', '17.025', '0.800', '0.000', '2', 'B', '0.260', '2', '0.000', 0, '0.000', 0, '0.000', '0.000', '0.000', 0, 0),
(2, '2019-04-01', '4', '3', '1', '21.900', '1.000', '0.000', '2', 'B', '0.260', '1', '40.000', 1, '0.000', 0, '2.000', '1.000', '20.000', 0, 0),
(3, '2019-04-01', '20', '1', '1', '20.400', '1.025', '0.000', '2', 'B', '0.260', '1', '0.000', 0, '0.000', 0, '0.000', '0.000', '0.000', 0, 0),
(4, '2019-04-01', '31', '1', '1', '13.450', '0.775', '0.000', '2', 'B', '0.260', '1', '0.000', 0, '0.000', 0, '0.000', '0.000', '0.000', 0, 0),
(5, '2019-04-01', '16', '2', '1', '23.250', '1.050', '0.000', '2', 'B', '0.260', '1', '35.900', 1, '0.000', 0, '1.000', '1.000', '0.000', 0, 0),
(6, '2019-04-01', '19', '1', '2', '31.250', '1.575', '0.000', '2', 'B', '0.260', '2', '33.900', 1, '0.000', 0, '2.000', '1.000', '0.000', 0, 0),
(7, '2019-04-01', '12', '2', '1', '23.200', '1.425', '0.000', '2', 'B', '0.260', '1', '0.000', 0, '63.600', 2, '0.000', '0.000', '0.000', 0, 0),
(8, '2019-04-01', '7', '1', '1', '14.275', '1.050', '0.000', '2', 'B', '0.260', '1', '36.200', 1, '0.000', 0, '0.000', '0.000', '0.000', 0, 0),
(9, '2019-04-01', '26', '1', '1', '18.075', '1.050', '0.000', '2', 'B', '0.260', '1', '0.000', 0, '0.000', 0, '0.000', '0.000', '0.000', 0, 0),
(10, '2019-04-01', '11', '3', '1', '15.925', '0.925', '0.000', '2', 'B', '0.260', '1', '0.000', 0, '0.000', 0, '0.000', '0.000', '0.000', 0, 0),
(11, '2019-04-01', '17', '1', '1', '15.550', '1.850', '0.000', '2', 'B', '0.260', '1', '0.000', 0, '0.000', 0, '0.000', '0.000', '0.000', 0, 0),
(12, '2019-04-01', '20', '1', '4', '6.920', '0.072', '0.000', '4', 'B', '0.260', '4', '0.000', 0, '0.000', 0, '0.000', '0.000', '0.000', 0, 0),
(13, '2019-04-01', '7', '1', '4', '12.960', '0.054', '0.000', '4', 'B', '0.260', '4', '0.000', 0, '0.000', 0, '0.000', '0.000', '0.000', 0, 0),
(14, '2019-04-01', '4', '1', '4', '2.560', '0.036', '0.000', '4', 'B', '0.260', '4', '0.000', 0, '0.000', 0, '0.000', '0.000', '0.000', 0, 0),
(15, '2019-04-01', '16', '1', '4', '4.280', '0.036', '0.000', '4', 'B', '0.260', '4', '0.000', 0, '0.000', 0, '0.000', '0.000', '0.000', 0, 0),
(16, '2019-04-01', '12', '1', '4', '10.160', '0.090', '0.000', '4', 'B', '0.260', '4', '0.000', 0, '0.000', 0, '0.000', '0.000', '0.000', 0, 0),
(17, '2019-04-01', '11', '1', '4', '1.080', '0.000', '0.000', '4', 'B', '0.260', '4', '0.000', 0, '0.000', 0, '0.000', '0.000', '0.000', 0, 0),
(18, '2019-04-03', '7', '1', '1', '20.825', '1.200', '0.000', '2', 'B', '0.260', '1', '0.000', 0, '0.000', 0, '0.000', '0.000', '0.000', 0, 0),
(19, '2019-04-03', '19', '1', '1', '53.250', '1.600', '0.000', '2', 'B', '0.260', '1', '0.000', 0, '0.000', 0, '0.000', '0.000', '0.000', 0, 0),
(20, '2019-04-03', '20', '1', '1', '29.800', '2.200', '0.000', '2', 'B', '0.244', '1', '0.000', 0, '0.000', 0, '0.000', '0.000', '0.000', 0, 0),
(21, '2019-04-03', '3', '1', '1', '29.050', '0.875', '0.000', '2', 'B', '0.260', '1', '0.000', 0, '0.000', 0, '0.000', '0.000', '0.000', 0, 0),
(22, '2019-04-03', '4', '3', '1', '34.425', '1.225', '0.000', '2', 'B', '0.260', '1', '0.000', 0, '0.000', 0, '0.000', '0.000', '0.000', 0, 0),
(23, '2019-04-03', '13', '1', '1', '31.125', '1.875', '0.000', '2', 'B', '0.260', '1', '0.000', 0, '70.600', 2, '0.000', '0.000', '0.000', 0, 0),
(24, '2019-04-03', '16', '1', '1', '35.750', '1.300', '0.000', '2', 'B', '0.260', '1', '0.000', 0, '0.000', 0, '0.000', '0.000', '0.000', 0, 0),
(25, '2019-04-03', '2', '1', '1', '56.625', '2.250', '0.000', '2', 'B', '0.260', '1', '35.000', 1, '0.000', 0, '1.000', '1.000', '0.000', 0, 0),
(26, '2019-04-03', '15', '1', '1', '43.675', '1.525', '0.000', '2', 'B', '0.260', '1', '36.900', 1, '0.000', 0, '1.000', '0.000', '15.000', 0, 0),
(27, '2019-04-03', '28', '1', '1', '13.950', '0.775', '0.000', '2', 'B', '0.260', '1', '0.000', 0, '0.000', 0, '0.000', '0.000', '0.000', 0, 0),
(28, '2019-04-03', '18', '1', '1', '35.550', '1.625', '0.000', '2', 'B', '0.260', '1', '0.000', 0, '0.000', 0, '1.000', '1.000', '15.000', 0, 0),
(29, '2019-04-03', '10', '1', '1', '23.900', '1.575', '0.000', '2', 'B', '0.260', '1', '0.000', 0, '0.000', 0, '0.000', '0.000', '0.000', 0, 0),
(30, '2019-04-03', '14', '1', '1', '23.275', '1.525', '0.000', '2', 'B', '0.260', '1', '0.000', 0, '69.800', 2, '0.000', '0.000', '25.000', 0, 0),
(31, '2019-04-03', '40', '1', '1', '20.025', '1.125', '0.000', '2', 'B', '0.260', '1', '0.000', 0, '0.000', 0, '0.000', '0.000', '0.000', 0, 0),
(32, '2019-04-03', '30', '1', '1', '24.100', '1.900', '0.000', '2', 'B', '0.260', '1', '0.000', 0, '52.400', 2, '0.000', '0.000', '0.000', 0, 0),
(33, '2019-04-03', '26', '1', '1', '21.275', '2.175', '0.000', '2', 'B', '0.260', '1', '0.000', 0, '32.600', 1, '0.000', '0.000', '0.000', 0, 0),
(34, '2019-04-03', '29', '1', '1', '22.300', '2.275', '0.000', '2', 'B', '0.260', '1', '0.000', 0, '64.700', 2, '0.000', '0.000', '0.000', 0, 0),
(35, '2019-04-03', '12', '1', '1', '32.125', '1.375', '0.000', '2', 'B', '0.260', '1', '35.500', 1, '0.000', 0, '1.000', '1.000', '0.000', 0, 0),
(36, '2019-04-03', '6', '1', '1', '13.450', '0.425', '0.000', '2', 'B', '0.260', '1', '0.000', 0, '29.400', 1, '0.000', '0.000', '0.000', 0, 3),
(37, '2019-04-03', '5', '1', '1', '39.100', '0.000', '0.000', '2', 'B', '0.260', '1', '0.000', 0, '0.000', 0, '0.000', '0.000', '0.000', 0, 0),
(38, '2019-04-03', '31', '1', '1', '11.675', '0.325', '0.000', '2', 'B', '0.260', '1', '20.000', 0, '30.300', 1, '0.000', '0.000', '0.000', 0, 0),
(39, '2019-04-03', '17', '1', '1', '6.300', '0.000', '0.000', '2', 'B', '0.260', '1', '32.900', 1, '0.000', 0, '1.000', '1.000', '0.000', 0, 0),
(40, '2019-04-03', '7', '1', '4', '19.780', '0.054', '0.000', '4', 'B', '0.260', '4', '0.000', 0, '0.000', 0, '0.000', '0.000', '0.000', 0, 0),
(41, '2019-04-03', '3', '1', '4', '14.300', '0.180', '0.000', '4', 'B', '0.260', '4', '0.000', 0, '0.000', 0, '0.000', '0.000', '0.000', 0, 0),
(42, '2019-04-03', '33', '1', '4', '5.540', '0.036', '0.000', '4', 'B', '0.260', '4', '0.000', 0, '0.000', 0, '0.000', '0.000', '0.000', 0, 0),
(43, '2019-04-03', '2', '1', '4', '6.860', '0.027', '0.000', '4', 'B', '0.260', '4', '0.000', 0, '0.000', 0, '0.000', '0.000', '0.000', 0, 0),
(44, '2019-04-03', '20', '1', '4', '12.520', '0.153', '0.000', '4', 'B', '0.260', '4', '0.000', 0, '0.000', 0, '0.000', '0.000', '0.000', 0, 0),
(45, '2019-04-03', '16', '1', '4', '6.300', '0.045', '0.000', '4', 'B', '0.260', '4', '0.000', 0, '0.000', 0, '0.000', '0.000', '0.000', 0, 0),
(46, '2019-04-03', '4', '1', '4', '2.660', '0.045', '0.000', '4', 'B', '0.260', '4', '0.000', 0, '0.000', 0, '0.000', '0.000', '0.000', 0, 0),
(47, '2019-04-03', '15', '1', '4', '11.780', '0.108', '0.000', '4', 'B', '0.260', '4', '0.000', 0, '0.000', 0, '0.000', '0.000', '0.000', 0, 0),
(48, '2019-04-03', '6', '1', '4', '1.580', '0.000', '0.000', '4', 'B', '0.260', '4', '0.000', 0, '0.000', 0, '0.000', '0.000', '0.000', 0, 0),
(49, '2019-04-03', '28', '1', '4', '19.260', '0.144', '0.000', '4', 'B', '0.260', '4', '0.000', 0, '0.000', 0, '0.000', '0.000', '0.000', 0, 0),
(50, '2019-04-03', '10', '1', '4', '1.420', '0.027', '0.000', '4', 'B', '0.260', '4', '0.000', 0, '0.000', 0, '0.000', '0.000', '0.000', 0, 0),
(51, '2019-04-03', '12', '1', '4', '7.580', '0.045', '0.000', '4', 'B', '0.260', '4', '0.000', 0, '0.000', 0, '0.000', '0.000', '0.000', 0, 0),
(52, '2019-04-03', '14', '1', '4', '13.080', '0.054', '0.000', '4', 'B', '0.260', '4', '0.000', 0, '0.000', 0, '0.000', '0.000', '0.000', 0, 0),
(53, '2019-04-03', '18', '1', '4', '6.340', '0.036', '0.000', '4', 'B', '0.260', '4', '0.000', 0, '0.000', 0, '0.000', '0.000', '0.000', 0, 0),
(54, '2019-04-03', '40', '1', '4', '1.920', '0.036', '0.000', '4', 'B', '0.260', '4', '0.000', 0, '0.000', 0, '0.000', '0.000', '0.000', 0, 0),
(55, '2019-04-03', '27', '1', '1', '3.175', '0.100', '0.000', '2', 'B', '0.260', '1', '3.000', 0, '0.000', 0, '0.000', '0.000', '0.000', 0, 0),
(56, '2019-04-03', '35', '1', '4', '47.125', '0.000', '0.000', '5', 'B', '0.260', '4', '715.800', 20, '0.000', 0, '15.000', '16.000', '800.000', 50, 50),
(57, '2019-04-03', '35', '1', '1', '652.800', '0.000', '0.000', '1', 'B', '0.260', '1', '0.000', 0, '0.000', 0, '0.000', '0.000', '0.000', 0, 0),
(58, '2019-04-03', '36', '1', '1', '268.800', '0.000', '0.000', '1', 'B', '0.260', '1', '0.000', 0, '0.000', 0, '15.000', '0.000', '400.000', 0, 0),
(59, '2019-04-03', '37', '1', '1', '257.040', '0.000', '0.000', '1', 'B', '0.260', '1', '0.000', 0, '0.000', 0, '0.000', '0.000', '0.000', 0, 0),
(60, '2019-04-04', '8', '1', '2', '14.775', '0.650', '0.150', '2', 'B', '0.260', '2', '20.000', 0, '0.000', 0, '1.000', '1.000', '0.000', 0, 0),
(61, '2019-04-04', '7', '1', '1', '16.800', '1.175', '0.225', '2', 'B', '0.260', '1', '0.000', 0, '198.600', 6, '0.000', '0.000', '0.000', 0, 0),
(62, '2019-04-04', '20', '1', '1', '21.000', '1.525', '0.400', '2', 'B', '0.260', '1', '34.800', 1, '0.000', 0, '1.000', '0.000', '50.000', 0, 0),
(63, '2019-04-04', '19', '1', '1', '20.550', '1.550', '0.400', '2', 'B', '0.260', '1', '33.700', 1, '0.000', 0, '0.000', '0.000', '100.000', 0, 0),
(64, '2019-04-04', '3', '1', '1', '17.400', '0.925', '0.400', '2', 'B', '0.260', '1', '36.600', 1, '0.000', 0, '0.000', '0.000', '0.000', 0, 0),
(65, '2019-04-04', '28', '1', '1', '11.225', '0.475', '0.100', '2', 'B', '0.260', '1', '20.000', 0, '121.000', 4, '1.000', '1.000', '0.000', 0, 0),
(66, '2019-04-04', '32', '1', '1', '16.175', '0.800', '0.125', '2', 'B', '0.260', '2', '0.000', 0, '0.000', 0, '0.000', '0.000', '0.000', 0, 0),
(67, '2019-04-04', '11', '1', '1', '20.100', '1.000', '0.150', '2', 'B', '0.260', '1', '0.000', 0, '0.000', 0, '0.000', '0.000', '0.000', 0, 0),
(68, '2019-04-04', '18', '1', '1', '31.375', '2.100', '0.225', '2', 'B', '0.260', '1', '0.000', 0, '0.000', 0, '0.000', '0.000', '0.000', 0, 0),
(69, '2019-04-04', '5', '1', '1', '14.225', '2.775', '0.150', '2', 'B', '0.260', '1', '0.000', 0, '66.000', 2, '0.000', '0.000', '0.000', 0, 0),
(70, '2019-04-04', '17', '1', '1', '43.775', '1.500', '0.450', '2', 'B', '0.260', '1', '0.000', 0, '72.200', 2, '0.000', '0.000', '0.000', 0, 0),
(71, '2019-04-04', '7', '1', '4', '11.300', '0.054', '0.000', '4', 'B', '0.260', '4', '0.000', 0, '0.000', 0, '0.000', '0.000', '0.000', 0, 0),
(72, '2019-04-04', '33', '1', '4', '5.560', '0.027', '0.000', '4', 'B', '0.260', '4', '0.000', 0, '0.000', 0, '0.000', '0.000', '0.000', 0, 0),
(73, '2019-04-04', '3', '1', '4', '8.100', '0.045', '0.000', '4', 'B', '0.260', '4', '0.000', 0, '0.000', 0, '0.000', '0.000', '0.000', 0, 0),
(74, '2019-04-04', '19', '1', '4', '21.620', '0.135', '0.000', '4', 'B', '0.260', '4', '0.000', 0, '0.000', 0, '0.000', '0.000', '0.000', 0, 0),
(75, '2019-04-04', '20', '1', '4', '13.000', '0.099', '0.000', '4', 'B', '0.260', '4', '0.000', 0, '0.000', 0, '0.000', '0.000', '0.000', 0, 0),
(76, '2019-04-04', '28', '1', '4', '10.620', '0.063', '0.000', '4', 'B', '0.260', '4', '0.000', 0, '0.000', 0, '0.000', '0.000', '0.000', 0, 0),
(77, '2019-04-04', '11', '1', '4', '2.200', '0.018', '0.000', '4', 'B', '0.260', '4', '0.000', 0, '0.000', 0, '0.000', '0.000', '0.000', 0, 0),
(78, '2019-04-04', '18', '1', '4', '0.980', '0.000', '0.000', '4', 'B', '0.260', '4', '0.000', 0, '0.000', 0, '0.000', '0.000', '0.000', 0, 0),
(79, '2019-04-04', '2', '1', '1', '0.000', '0.000', '0.000', '2', 'B', '0.260', '1', '0.000', 0, '204.700', 6, '0.000', '0.000', '0.000', 0, 0),
(80, '2019-04-04', '35', '1', '4', '166.348', '0.000', '0.000', '5', 'B', '0.260', '4', '0.000', 0, '0.000', 0, '0.000', '0.000', '0.000', 0, 0),
(81, '2019-04-04', '36', '1', '4', '0.000', '36.764', '0.000', '5', 'B', '0.260', '4', '0.000', 0, '0.000', 0, '0.000', '0.000', '0.000', 0, 0),
(82, '2019-04-05', '4', '1', '1', '34.625', '1.475', '0.300', '2', 'B', '0.260', '1', '0.000', 0, '0.000', 0, '0.000', '0.000', '0.000', 0, 0),
(83, '2019-04-05', '16', '1', '1', '33.650', '1.675', '0.300', '2', 'B', '0.260', '1', '0.000', 0, '0.000', 0, '0.000', '0.000', '0.000', 0, 0),
(84, '2019-04-05', '19', '1', '1', '19.225', '1.450', '0.300', '2', 'B', '0.260', '1', '0.000', 0, '0.000', 0, '0.000', '0.000', '0.000', 0, 0),
(85, '2019-04-05', '13', '1', '1', '33.675', '1.725', '0.300', '2', 'B', '0.244', '1', '0.000', 0, '0.000', 0, '1.000', '1.000', '0.000', 0, 0),
(86, '2019-04-05', '2', '1', '1', '33.125', '1.575', '0.350', '2', 'B', '0.260', '1', '0.000', 0, '0.000', 0, '0.000', '0.000', '0.000', 0, 0),
(87, '2019-04-05', '12', '1', '1', '27.350', '1.425', '0.150', '2', 'B', '0.260', '1', '0.000', 0, '64.500', 2, '0.000', '0.000', '0.000', 0, 0),
(88, '2019-04-05', '31', '1', '1', '14.900', '1.325', '0.450', '2', 'B', '0.260', '1', '0.000', 0, '0.000', 0, '0.000', '0.000', '0.000', 0, 0),
(89, '2019-04-05', '15', '1', '1', '27.950', '1.550', '0.225', '2', 'B', '0.260', '1', '0.000', 0, '69.600', 2, '0.000', '0.000', '0.000', 0, 0),
(90, '2019-04-05', '7', '3', '1', '15.350', '0.900', '0.275', '2', 'B', '0.260', '1', '39.000', 1, '0.000', 0, '1.000', '1.000', '100.000', 0, 0),
(91, '2019-04-05', '18', '3', '1', '34.700', '1.625', '0.150', '2', 'B', '0.260', '1', '34.800', 1, '205.100', 6, '1.000', '0.000', '0.000', 0, 0),
(92, '2019-04-05', '40', '1', '1', '16.900', '0.900', '0.175', '2', 'B', '0.260', '1', '35.800', 1, '0.000', 0, '0.000', '0.000', '0.000', 0, 0),
(93, '2019-04-05', '17', '2', '1', '28.250', '2.650', '0.525', '2', 'B', '0.260', '1', '0.000', 0, '0.000', 0, '0.000', '0.000', '0.000', 0, 0),
(94, '2019-04-05', '11', '5', '1', '14.600', '0.575', '0.150', '2', 'B', '0.260', '1', '0.000', 0, '29.700', 1, '1.000', '0.000', '10.000', 0, 0),
(95, '2019-04-05', '19', '1', '4', '22.420', '0.171', '0.000', '4', 'B', '0.260', '4', '0.000', 0, '0.000', 0, '0.000', '0.000', '0.000', 0, 0),
(96, '2019-04-05', '33', '1', '4', '5.420', '0.072', '0.000', '4', 'B', '0.260', '4', '0.000', 0, '0.000', 0, '0.000', '0.000', '0.000', 0, 0),
(97, '2019-04-05', '4', '1', '4', '2.320', '0.018', '0.000', '4', 'B', '0.260', '4', '0.000', 0, '0.000', 0, '0.000', '0.000', '0.000', 0, 0),
(98, '2019-04-05', '16', '1', '4', '5.320', '0.027', '0.000', '4', 'B', '0.260', '4', '0.000', 0, '0.000', 0, '0.000', '0.000', '0.000', 0, 0),
(99, '2019-04-05', '12', '1', '4', '4.060', '0.045', '0.000', '4', 'B', '0.260', '4', '0.000', 0, '0.000', 0, '0.000', '0.000', '0.000', 0, 0),
(100, '2019-04-05', '2', '1', '4', '6.060', '0.018', '0.000', '4', 'B', '0.260', '4', '0.000', 0, '0.000', 0, '0.000', '0.000', '0.000', 0, 0),
(101, '2019-04-05', '7', '1', '4', '15.400', '0.045', '0.000', '4', 'B', '0.260', '4', '0.000', 0, '0.000', 0, '0.000', '0.000', '0.000', 0, 0),
(102, '2019-04-05', '18', '1', '4', '3.240', '0.000', '0.000', '4', 'B', '0.260', '4', '0.000', 0, '0.000', 0, '0.000', '0.000', '0.000', 0, 0),
(103, '2019-04-05', '15', '1', '4', '5.120', '0.036', '0.000', '4', 'B', '0.260', '4', '0.000', 0, '0.000', 0, '0.000', '0.000', '0.000', 0, 0),
(104, '2019-04-05', '11', '1', '4', '0.940', '0.018', '0.000', '4', 'B', '0.260', '4', '0.000', 0, '0.000', 0, '0.000', '0.000', '0.000', 0, 0),
(105, '2019-04-05', '35', '1', '4', '134.303', '0.000', '0.000', '5', 'B', '0.260', '4', '0.000', 0, '0.000', 0, '0.000', '0.000', '0.000', 0, 0),
(106, '2019-04-06', '3', '2', '1', '23.825', '1.025', '0.525', '2', 'B', '0.260', '1', '0.000', 0, '0.000', 0, '0.000', '0.000', '100.000', 0, 0),
(107, '2019-04-06', '20', '3', '1', '28.525', '1.425', '0.300', '2', 'B', '0.260', '1', '0.000', 0, '0.000', 0, '0.000', '0.000', '0.000', 0, 0),
(108, '2019-04-06', '16', '4', '1', '24.600', '1.225', '0.250', '2', 'B', '0.260', '1', '10.000', 0, '0.000', 0, '0.000', '0.000', '0.000', 0, 0),
(109, '2019-04-06', '4', '6', '1', '30.600', '1.400', '0.225', '2', 'B', '0.260', '1', '0.000', 0, '0.000', 0, '0.000', '0.000', '0.000', 0, 0),
(110, '2019-04-06', '19', '6', '1', '21.350', '1.550', '0.350', '2', 'B', '0.260', '1', '0.000', 0, '0.000', 0, '0.000', '0.000', '0.000', 0, 0),
(111, '2019-04-06', '10', '3', '1', '38.025', '2.000', '0.200', '2', 'B', '0.260', '1', '0.000', 0, '69.200', 2, '0.000', '0.000', '0.000', 0, 0),
(112, '2019-04-06', '18', '1', '1', '34.225', '2.475', '0.400', '2', 'B', '0.260', '1', '0.000', 0, '0.000', 0, '3.000', '3.000', '50.000', 0, 0),
(113, '2019-04-06', '15', '2', '1', '27.675', '1.350', '0.225', '2', 'B', '0.260', '1', '0.000', 0, '0.000', 0, '0.000', '0.000', '0.000', 0, 0),
(114, '2019-04-06', '6', '3', '1', '17.875', '0.875', '0.000', '2', 'B', '0.260', '1', '15.000', 0, '0.000', 0, '1.000', '0.000', '0.000', 0, 0),
(115, '2019-04-06', '12', '3', '1', '24.300', '1.225', '0.150', '2', 'B', '0.260', '1', '10.000', 0, '0.000', 0, '0.000', '0.000', '0.000', 0, 0),
(116, '2019-04-06', '14', '6', '1', '16.075', '0.000', '0.000', '2', 'B', '0.260', '1', '0.000', 0, '0.000', 0, '0.000', '0.000', '0.000', 0, 0),
(117, '2019-04-06', '29', '3', '1', '23.100', '3.100', '1.500', '2', 'B', '0.260', '1', '0.000', 0, '0.000', 0, '2.000', '1.000', '0.000', 0, 0),
(118, '2019-04-06', '40', '6', '1', '16.175', '1.075', '0.225', '2', 'B', '0.260', '1', '0.000', 0, '31.300', 1, '0.000', '0.000', '0.000', 0, 0),
(119, '2019-04-06', '32', '4', '1', '5.975', '0.175', '0.000', '2', 'B', '0.260', '1', '0.000', 0, '0.000', 0, '0.000', '0.000', '0.000', 0, 0),
(120, '2019-04-06', '26', '5', '1', '23.450', '0.900', '0.000', '2', 'B', '0.260', '1', '0.000', 0, '0.000', 0, '0.000', '0.000', '0.000', 0, 0),
(121, '2019-04-06', '5', '3', '1', '25.825', '0.000', '0.000', '2', 'B', '0.260', '1', '0.000', 0, '0.000', 0, '0.000', '0.000', '0.000', 0, 0),
(122, '2019-04-06', '13', '6', '1', '27.975', '1.550', '0.000', '2', 'B', '0.260', '1', '0.000', 0, '0.000', 0, '0.000', '0.000', '0.000', 0, 0),
(123, '2019-04-06', '17', '6', '1', '18.800', '2.125', '0.375', '2', 'B', '0.260', '1', '0.000', 0, '0.000', 0, '0.000', '0.000', '0.000', 0, 0),
(124, '2019-04-06', '3', '1', '4', '11.000', '0.036', '0.000', '4', 'B', '0.260', '4', '0.000', 0, '0.000', 0, '0.000', '0.000', '0.000', 0, 0),
(125, '2019-04-06', '20', '1', '4', '15.880', '0.064', '0.000', '4', 'B', '0.260', '4', '0.000', 0, '0.000', 0, '0.000', '0.000', '0.000', 0, 0),
(126, '2019-04-06', '19', '1', '4', '24.720', '0.108', '0.000', '4', 'B', '0.260', '4', '0.000', 0, '0.000', 0, '0.000', '0.000', '0.000', 0, 0),
(127, '2019-04-06', '40', '1', '4', '1.380', '0.018', '0.000', '4', 'B', '0.260', '4', '0.000', 0, '0.000', 0, '0.000', '0.000', '0.000', 0, 0),
(128, '2019-04-06', '33', '1', '4', '4.940', '0.036', '0.000', '4', 'B', '0.260', '4', '0.000', 0, '38.200', 1, '0.000', '0.000', '0.000', 0, 0),
(129, '2019-04-06', '4', '1', '4', '0.980', '0.000', '0.000', '4', 'B', '0.260', '4', '0.000', 0, '0.000', 0, '0.000', '0.000', '0.000', 0, 0),
(130, '2019-04-06', '16', '1', '4', '2.320', '0.000', '0.000', '4', 'B', '0.260', '4', '0.000', 0, '0.000', 0, '0.000', '0.000', '0.000', 0, 0),
(131, '2019-04-06', '15', '1', '4', '8.500', '0.027', '0.000', '4', 'B', '0.260', '4', '0.000', 0, '0.000', 0, '0.000', '0.000', '0.000', 0, 0),
(132, '2019-04-06', '12', '1', '4', '7.100', '0.036', '0.000', '4', 'B', '0.260', '4', '0.000', 0, '0.000', 0, '0.000', '0.000', '0.000', 0, 0),
(133, '2019-04-06', '6', '1', '4', '1.220', '0.009', '0.000', '4', 'B', '0.260', '4', '0.000', 0, '0.000', 0, '0.000', '0.000', '0.000', 0, 0),
(134, '2019-04-06', '14', '1', '4', '11.620', '0.072', '0.000', '4', 'B', '0.260', '4', '0.000', 0, '0.000', 0, '0.000', '0.000', '0.000', 0, 0),
(135, '2019-04-06', '18', '1', '4', '5.260', '0.018', '0.000', '4', 'B', '0.260', '4', '0.000', 0, '0.000', 0, '0.000', '0.000', '0.000', 0, 0),
(136, '2019-04-06', '10', '1', '4', '2.180', '0.000', '0.000', '4', 'B', '0.260', '4', '0.000', 0, '0.000', 0, '0.000', '0.000', '0.000', 0, 0),
(137, '2019-04-06', '32', '1', '4', '2.840', '0.000', '0.000', '4', 'B', '0.260', '4', '0.000', 0, '0.000', 0, '0.000', '0.000', '0.000', 0, 0),
(138, '2019-04-06', '35', '1', '4', '20.800', '0.000', '0.000', '5', 'B', '0.260', '4', '0.000', 0, '0.000', 0, '0.000', '0.000', '0.000', 0, 0),
(139, '2019-04-08', '2', '2', '1', '32.150', '1.575', '0.300', '2', 'B', '0.260', '1', '20.000', 0, '0.000', 0, '1.000', '0.000', '0.000', 0, 0),
(140, '2019-04-08', '20', '3', '1', '24.475', '1.650', '0.325', '2', 'B', '0.260', '1', '20.000', 0, '0.000', 0, '1.000', '1.000', '0.000', 0, 0),
(141, '2019-04-08', '4', '2', '1', '34.750', '1.350', '0.225', '2', 'B', '0.260', '1', '34.700', 1, '217.000', 6, '1.000', '1.000', '0.000', 0, 0),
(142, '2019-04-08', '16', '5', '1', '31.875', '1.375', '0.275', '2', 'B', '0.260', '1', '39.700', 1, '0.000', 0, '1.000', '1.000', '0.000', 0, 0),
(143, '2019-04-08', '7', '6', '1', '17.650', '1.000', '0.375', '2', 'B', '0.260', '1', '0.000', 0, '0.000', 0, '0.000', '0.000', '0.000', 0, 0),
(144, '2019-04-08', '19', '4', '1', '21.425', '1.075', '0.225', '2', 'B', '0.260', '1', '0.000', 0, '0.000', 0, '0.000', '0.000', '0.000', 0, 0),
(145, '2019-04-08', '31', '2', '1', '17.825', '1.025', '0.225', '2', 'B', '0.260', '1', '0.000', 0, '0.000', 0, '1.000', '1.000', '0.000', 0, 0),
(146, '2019-04-08', '12', '3', '1', '24.525', '1.375', '0.225', '2', 'B', '0.260', '1', '0.000', 0, '0.000', 0, '0.000', '0.000', '0.000', 0, 0),
(147, '2019-04-08', '18', '3', '1', '37.500', '2.300', '0.375', '2', 'B', '0.260', '1', '10.000', 0, '0.000', 0, '0.000', '0.000', '0.000', 0, 0),
(148, '2019-04-08', '15', '2', '1', '29.300', '1.525', '0.225', '2', 'B', '0.260', '1', '15.000', 0, '0.000', 0, '1.000', '1.000', '10.000', 0, 0),
(149, '2019-04-08', '40', '3', '1', '16.350', '1.150', '0.200', '2', 'B', '0.260', '1', '0.000', 0, '0.000', 0, '0.000', '0.000', '0.000', 0, 0),
(150, '2019-04-08', '29', '3', '1', '23.150', '2.325', '0.675', '2', 'B', '0.260', '1', '0.000', 0, '0.000', 0, '0.000', '0.000', '0.000', 0, 0),
(151, '2019-04-08', '26', '6', '1', '22.025', '1.850', '0.325', '2', 'B', '0.260', '1', '15.000', 0, '0.000', 0, '0.000', '1.000', '0.000', 0, 0),
(152, '2019-04-08', '17', '4', '1', '24.775', '2.200', '0.300', '2', 'B', '0.260', '1', '0.000', 0, '29.300', 1, '0.000', '0.000', '0.000', 0, 0),
(153, '2019-04-08', '5', '6', '1', '14.300', '2.050', '0.100', '2', 'B', '0.260', '1', '0.000', 0, '0.000', 0, '0.000', '0.000', '0.000', 0, 0),
(154, '2019-04-08', '13', '2', '1', '21.200', '1.200', '0.000', '2', 'B', '0.260', '1', '0.000', 0, '57.400', 2, '0.000', '0.000', '0.000', 0, 0),
(155, '2019-04-08', '5', '1', '4', '2.980', '0.018', '0.000', '4', 'B', '0.260', '4', '0.000', 0, '0.000', 0, '0.000', '0.000', '0.000', 0, 0),
(156, '2019-04-08', '33', '3', '4', '5.340', '0.027', '0.000', '4', 'B', '0.260', '4', '0.000', 0, '0.000', 0, '0.000', '0.000', '0.000', 0, 0),
(157, '2019-04-08', '2', '3', '4', '3.020', '0.000', '0.000', '4', 'B', '0.260', '4', '0.000', 0, '0.000', 0, '0.000', '0.000', '0.000', 0, 0),
(158, '2019-04-08', '20', '3', '4', '11.360', '0.135', '0.000', '4', 'B', '0.260', '4', '0.000', 0, '0.000', 0, '0.000', '0.000', '0.000', 0, 0),
(159, '2019-04-08', '16', '3', '4', '5.180', '0.045', '0.000', '4', 'B', '0.260', '4', '0.000', 0, '0.000', 0, '0.000', '0.000', '0.000', 0, 0),
(160, '2019-04-08', '7', '1', '4', '18.520', '0.090', '0.000', '4', 'B', '0.260', '4', '0.000', 0, '0.000', 0, '0.000', '0.000', '0.000', 0, 0),
(161, '2019-04-08', '19', '1', '4', '16.300', '0.054', '0.000', '4', 'B', '0.260', '4', '0.000', 0, '0.000', 0, '0.000', '0.000', '0.000', 0, 0),
(162, '2019-04-08', '12', '1', '4', '4.460', '0.126', '0.000', '4', 'B', '0.260', '4', '0.000', 0, '0.000', 0, '0.000', '0.000', '0.000', 0, 0),
(163, '2019-04-08', '15', '1', '4', '6.560', '0.027', '0.000', '4', 'B', '0.260', '4', '0.000', 0, '0.000', 0, '0.000', '0.000', '0.000', 0, 0),
(164, '2019-04-08', '18', '1', '4', '4.480', '0.000', '0.000', '4', 'B', '0.260', '4', '0.000', 0, '0.000', 0, '0.000', '0.000', '0.000', 0, 0),
(165, '2019-04-08', '35', '1', '4', '62.400', '0.000', '0.000', '5', 'B', '0.260', '4', '0.000', 0, '0.000', 0, '0.000', '0.000', '0.000', 0, 0),
(166, '2019-04-08', '38', '1', '1', '507.416', '0.000', '0.000', '6', 'B', '0.260', '1', '0.000', 0, '0.000', 0, '0.000', '0.000', '0.000', 0, 0),
(167, '2019-04-07', '7', '3', '1', '20.425', '1.650', '0.550', '2', 'B', '0.260', '1', '0.000', 0, '0.000', 0, '0.000', '0.000', '0.000', 0, 0),
(168, '2019-04-07', '3', '2', '1', '11.925', '0.575', '0.150', '2', 'B', '0.260', '1', '0.000', 0, '0.000', 0, '0.000', '0.000', '0.000', 0, 0),
(169, '2019-04-07', '20', '3', '1', '20.400', '1.225', '0.475', '2', 'B', '0.260', '1', '0.000', 0, '0.000', 0, '0.000', '0.000', '0.000', 0, 0),
(170, '2019-04-07', '8', '2', '2', '21.225', '0.700', '0.275', '2', 'B', '0.260', '2', '0.000', 0, '0.000', 0, '0.000', '0.000', '0.000', 0, 0),
(171, '2019-04-07', '19', '3', '1', '21.125', '1.625', '0.475', '2', 'B', '0.260', '1', '34.200', 1, '0.000', 0, '2.000', '2.000', '0.000', 0, 0),
(172, '2019-04-07', '30', '2', '1', '17.975', '1.700', '0.900', '2', 'B', '0.260', '1', '0.000', 0, '0.000', 0, '0.000', '0.000', '0.000', 0, 0),
(173, '2019-04-07', '28', '2', '1', '14.175', '1.500', '0.225', '2', 'B', '0.260', '1', '0.000', 0, '0.000', 0, '1.000', '0.000', '50.000', 0, 0),
(174, '2019-04-07', '11', '4', '1', '11.175', '0.425', '0.125', '2', 'B', '0.260', '1', '0.000', 0, '0.000', 0, '0.000', '0.000', '0.000', 0, 0),
(175, '2019-04-07', '17', '5', '1', '25.675', '2.525', '0.375', '2', 'B', '0.260', '1', '33.200', 1, '0.000', 0, '1.000', '1.000', '0.000', 0, 0),
(176, '2019-04-07', '13', '4', '1', '18.350', '1.000', '0.000', '2', 'B', '0.260', '1', '37.300', 1, '0.000', 0, '1.000', '0.000', '0.000', 0, 0),
(177, '2019-04-07', '7', '1', '4', '19.060', '0.126', '0.000', '4', 'B', '0.260', '4', '0.000', 0, '0.000', 0, '0.000', '0.000', '0.000', 0, 0),
(178, '2019-04-07', '3', '1', '4', '3.540', '0.081', '0.000', '4', 'B', '0.260', '4', '0.000', 0, '0.000', 0, '0.000', '0.000', '0.000', 0, 0),
(179, '2019-04-07', '20', '1', '4', '6.480', '0.054', '0.000', '4', 'B', '0.260', '4', '0.000', 0, '0.000', 0, '0.000', '0.000', '0.000', 0, 0),
(180, '2019-04-07', '11', '1', '4', '1.100', '0.000', '0.000', '4', 'B', '0.260', '4', '0.000', 0, '0.000', 0, '0.000', '0.000', '0.000', 0, 0),
(181, '2019-04-07', '19', '1', '4', '24.220', '0.324', '0.000', '4', 'B', '0.260', '4', '0.000', 0, '0.000', 0, '0.000', '0.000', '0.000', 0, 0),
(182, '2019-04-07', '28', '1', '4', '12.000', '0.135', '0.000', '4', 'B', '0.260', '4', '0.000', 0, '0.000', 0, '0.000', '0.000', '0.000', 0, 0),
(183, '2019-04-07', '35', '1', '4', '201.123', '0.000', '0.000', '5', 'B', '0.260', '4', '0.000', 0, '0.000', 0, '0.000', '0.000', '0.000', 0, 0),
(184, '2019-04-07', '33', '1', '4', '0.000', '0.000', '0.000', '4', 'B', '0.260', '4', '6.000', 0, '0.000', 0, '0.000', '0.000', '20.000', 0, 0),
(185, '2019-04-10', '7', '2', '1', '22.050', '0.900', '0.350', '2', 'B', '0.260', '1', '0.000', 0, '0.000', 0, '0.000', '0.000', '0.000', 0, 0),
(186, '2019-04-10', '20', '3', '1', '28.150', '1.150', '0.300', '2', 'B', '0.260', '1', '0.000', 0, '0.000', 0, '0.000', '0.000', '0.000', 0, 0),
(187, '2019-04-10', '3', '2', '1', '33.725', '1.250', '0.225', '2', 'B', '0.260', '1', '0.000', 0, '0.000', 0, '0.000', '0.000', '0.000', 0, 0),
(188, '2019-04-10', '19', '5', '1', '18.350', '1.325', '0.225', '2', 'B', '0.260', '1', '0.000', 0, '0.000', 0, '0.000', '0.000', '0.000', 0, 0),
(189, '2019-04-10', '28', '4', '1', '27.200', '2.175', '0.600', '2', 'B', '0.260', '1', '32.700', 1, '0.000', 0, '1.000', '1.000', '15.000', 0, 0),
(190, '2019-04-10', '10', '3', '1', '47.000', '2.875', '0.225', '2', 'B', '0.260', '1', '12.000', 0, '0.000', 0, '0.000', '0.000', '0.000', 0, 0),
(191, '2019-04-10', '16', '5', '1', '32.150', '1.575', '0.300', '2', 'B', '0.260', '1', '0.000', 0, '0.000', 0, '0.000', '0.000', '10.000', 0, 0),
(192, '2019-04-10', '2', '2', '1', '37.175', '2.200', '0.300', '2', 'B', '0.260', '1', '36.600', 1, '0.000', 0, '0.000', '0.000', '0.000', 0, 0),
(193, '2019-04-10', '18', '2', '1', '48.075', '3.825', '0.375', '2', 'B', '0.260', '1', '0.000', 0, '0.000', 0, '0.000', '0.000', '0.000', 0, 0),
(194, '2019-04-10', '40', '5', '1', '18.550', '1.125', '0.225', '2', 'B', '0.260', '1', '0.000', 0, '37.300', 1, '0.000', '0.000', '10.000', 0, 0),
(195, '2019-04-10', '12', '5', '1', '32.425', '1.650', '0.150', '2', 'B', '0.260', '1', '19.100', 0, '68.500', 2, '1.000', '1.000', '0.000', 0, 0),
(196, '2019-04-10', '13', '5', '1', '36.325', '1.950', '0.000', '2', 'B', '0.260', '1', '0.000', 0, '0.000', 0, '0.000', '0.000', '0.000', 0, 0),
(197, '2019-04-10', '15', '3', '1', '37.075', '1.775', '0.175', '2', 'B', '0.260', '1', '0.000', 0, '61.600', 2, '0.000', '0.000', '0.000', 0, 0),
(198, '2019-04-10', '14', '5', '1', '21.675', '1.275', '0.150', '2', 'B', '0.260', '1', '34.700', 1, '0.000', 0, '1.000', '1.000', '15.000', 0, 0),
(199, '2019-04-10', '29', '3', '1', '22.075', '1.950', '0.350', '2', 'B', '0.260', '1', '15.000', 0, '33.200', 1, '1.000', '0.000', '0.000', 0, 0),
(200, '2019-04-10', '11', '2', '1', '22.425', '0.925', '0.225', '2', 'B', '0.260', '1', '37.700', 1, '0.000', 0, '1.000', '1.000', '0.000', 0, 0),
(201, '2019-04-10', '5', '3', '1', '28.650', '1.800', '0.150', '2', 'B', '0.260', '1', '17.000', 0, '0.000', 0, '1.000', '1.000', '0.000', 0, 0),
(202, '2019-04-10', '17', '5', '1', '0.000', '0.000', '0.000', '2', 'B', '0.260', '1', '0.000', 0, '58.600', 2, '0.000', '0.000', '0.000', 0, 0),
(203, '2019-04-10', '26', '2', '1', '23.475', '0.850', '0.775', '2', 'B', '0.260', '1', '0.000', 0, '32.000', 1, '1.000', '0.000', '0.000', 0, 0),
(204, '2019-04-10', '7', '6', '4', '15.820', '0.144', '0.000', '4', 'B', '0.260', '4', '0.000', 0, '0.000', 0, '0.000', '0.000', '0.000', 0, 0),
(205, '2019-04-10', '3', '1', '4', '14.880', '0.135', '0.000', '4', 'B', '0.260', '4', '0.000', 0, '0.000', 0, '0.000', '0.000', '0.000', 0, 0),
(206, '2019-04-10', '33', '3', '4', '4.860', '0.036', '0.000', '4', 'B', '0.260', '4', '0.000', 0, '0.000', 0, '0.000', '0.000', '0.000', 0, 0),
(207, '2019-04-10', '20', '5', '4', '11.440', '0.099', '0.000', '4', 'B', '0.260', '4', '0.000', 0, '0.000', 0, '0.000', '0.000', '0.000', 0, 0),
(208, '2019-04-10', '19', '4', '4', '21.520', '0.162', '0.000', '4', 'B', '0.260', '4', '0.000', 0, '0.000', 0, '0.000', '0.000', '0.000', 0, 0),
(209, '2019-04-10', '28', '3', '4', '18.420', '0.171', '0.000', '4', 'B', '0.260', '4', '0.000', 0, '0.000', 0, '0.000', '0.000', '0.000', 0, 0),
(210, '2019-04-10', '40', '3', '4', '1.560', '0.018', '0.000', '4', 'B', '0.260', '4', '0.000', 0, '0.000', 0, '0.000', '0.000', '0.000', 0, 0),
(211, '2019-04-10', '10', '1', '4', '1.660', '0.000', '0.000', '4', 'B', '0.260', '4', '0.000', 0, '0.000', 0, '0.000', '0.000', '0.000', 0, 0),
(212, '2019-04-10', '11', '1', '4', '1.840', '0.000', '0.000', '4', 'B', '0.260', '4', '0.000', 0, '0.000', 0, '0.000', '0.000', '0.000', 0, 0),
(213, '2019-04-10', '12', '1', '4', '5.700', '0.000', '0.000', '4', 'B', '0.260', '4', '0.000', 0, '0.000', 0, '0.000', '0.000', '0.000', 0, 0),
(214, '2019-04-10', '2', '1', '4', '8.760', '0.000', '0.000', '4', 'B', '0.260', '4', '0.000', 0, '0.000', 0, '0.000', '0.000', '0.000', 0, 0),
(215, '2019-04-10', '39', '2', '1', '299.880', '0.000', '0.000', '6', 'B', '0.260', '1', '0.000', 0, '0.000', 0, '0.000', '0.000', '0.000', 0, 0),
(216, '2019-04-10', '16', '1', '4', '5.260', '0.027', '0.000', '4', 'B', '0.260', '4', '0.000', 0, '0.000', 0, '0.000', '0.000', '0.000', 0, 0),
(217, '2019-04-11', '8', '2', '2', '23.950', '1.125', '0.225', '2', 'B', '0.260', '2', '0.000', 0, '62.900', 2, '0.000', '0.000', '0.000', 0, 0),
(218, '2019-04-11', '4', '3', '1', '36.975', '1.350', '0.225', '2', 'B', '0.260', '1', '0.000', 0, '0.000', 0, '0.000', '0.000', '0.000', 0, 0),
(219, '2019-04-11', '3', '2', '1', '25.550', '0.875', '0.225', '2', 'B', '0.260', '1', '35.300', 1, '208.200', 6, '1.000', '2.000', '0.000', 0, 0),
(220, '2019-04-11', '20', '3', '1', '26.500', '1.650', '0.300', '2', 'B', '0.260', '1', '34.200', 1, '252.700', 8, '1.000', '0.000', '25.000', 0, 0),
(221, '2019-04-11', '7', '2', '1', '22.275', '0.875', '0.375', '2', 'B', '0.260', '1', '20.000', 0, '0.000', 0, '1.000', '1.000', '0.000', 0, 0),
(222, '2019-04-11', '19', '3', '1', '14.975', '1.700', '0.375', '2', 'B', '0.260', '1', '40.800', 1, '227.000', 7, '0.000', '0.000', '50.000', 0, 0),
(223, '2019-04-11', '6', '2', '1', '19.175', '0.500', '0.000', '2', 'B', '0.260', '1', '0.000', 0, '31.800', 1, '0.000', '0.000', '10.000', 0, 0),
(224, '2019-04-11', '30', '5', '1', '29.000', '1.800', '0.550', '2', 'B', '0.260', '1', '0.000', 0, '0.000', 0, '0.000', '0.000', '0.000', 0, 0),
(225, '2019-04-11', '17', '2', '1', '61.125', '3.000', '0.150', '2', 'B', '0.260', '1', '0.000', 0, '0.000', 0, '0.000', '0.000', '0.000', 0, 0),
(226, '2019-04-11', '18', '4', '1', '16.025', '0.850', '0.150', '2', 'B', '0.260', '1', '39.800', 1, '0.000', 0, '0.000', '0.000', '0.000', 0, 0),
(227, '2019-04-11', '5', '5', '1', '10.125', '1.050', '0.000', '2', 'B', '0.260', '1', '0.000', 0, '34.200', 1, '0.000', '0.000', '0.000', 0, 0),
(228, '2019-04-11', '28', '5', '1', '14.350', '0.975', '0.225', '2', 'B', '0.260', '1', '0.000', 0, '0.000', 0, '0.000', '0.000', '0.000', 0, 0),
(229, '2019-04-11', '7', '2', '4', '16.380', '0.081', '0.000', '4', 'B', '0.260', '4', '0.000', 0, '0.000', 0, '0.000', '0.000', '0.000', 0, 0),
(230, '2019-04-11', '20', '3', '4', '9.840', '0.099', '0.000', '4', 'B', '0.260', '4', '0.000', 0, '0.000', 0, '0.000', '0.000', '0.000', 0, 0),
(231, '2019-04-11', '3', '4', '4', '7.420', '0.054', '0.000', '4', 'B', '0.260', '4', '0.000', 0, '0.000', 0, '0.000', '0.000', '0.000', 0, 0),
(232, '2019-04-11', '6', '1', '4', '2.700', '0.009', '0.000', '4', 'B', '0.260', '4', '0.000', 0, '0.000', 0, '0.000', '0.000', '0.000', 0, 0),
(233, '2019-04-11', '4', '1', '4', '2.300', '0.009', '0.000', '4', 'B', '0.260', '4', '0.000', 0, '0.000', 0, '0.000', '0.000', '0.000', 0, 0),
(234, '2019-04-11', '19', '1', '4', '28.160', '0.189', '0.000', '4', 'B', '0.260', '4', '0.000', 0, '0.000', 0, '0.000', '0.000', '0.000', 0, 0),
(235, '2019-04-11', '15', '1', '4', '10.840', '0.072', '0.000', '4', 'B', '0.260', '4', '30.000', 1, '0.000', 0, '1.000', '0.000', '15.000', 0, 0),
(236, '2019-04-11', '14', '1', '4', '11.620', '0.072', '0.000', '4', 'B', '0.260', '4', '0.000', 0, '0.000', 0, '0.000', '0.000', '0.000', 0, 0),
(237, '2019-04-11', '18', '1', '4', '10.280', '0.090', '0.000', '4', 'B', '0.260', '4', '0.000', 0, '0.000', 0, '0.000', '0.000', '0.000', 0, 0),
(238, '2019-04-11', '28', '1', '4', '16.820', '0.072', '0.000', '4', 'B', '0.260', '4', '0.000', 0, '0.000', 0, '0.000', '0.000', '0.000', 0, 0),
(239, '2019-04-11', '36', '2', '1', '403.200', '0.000', '0.000', '1', 'B', '0.260', '1', '522.600', 15, '0.000', 0, '0.000', '0.000', '0.000', 0, 25),
(240, '2019-04-11', '35', '3', '1', '718.080', '0.000', '0.000', '1', 'B', '0.260', '1', '207.100', 5, '0.000', 0, '15.000', '0.000', '0.000', 100, 50),
(241, '2019-04-11', '35', '1', '4', '46.566', '0.000', '0.000', '5', 'B', '0.260', '4', '0.000', 0, '0.000', 0, '0.000', '0.000', '0.000', 0, 0),
(243, '2019-04-01', '33', '1', '4', '0.000', '0.000', '0.000', '4', 'B', '0.260', '4', '6.000', 0, '0.000', 0, '0.000', '0.000', '20.000', 0, 0),
(244, '2019-04-01', '35', '1', '4', '114.400', '0.000', '0.000', '5', 'B', '0.260', '4', '0.000', 0, '0.000', 0, '0.000', '0.000', '0.000', 0, 0),
(245, '2019-04-12', '16', '3', '1', '33.825', '1.750', '0.225', '2', 'B', '0.260', '1', '0.000', 0, '198.700', 6, '0.000', '0.000', '0.000', 0, 0),
(246, '2019-04-12', '4', '2', '1', '26.550', '1.150', '0.200', '2', 'B', '0.260', '1', '0.000', 0, '0.000', 0, '0.000', '0.000', '0.000', 0, 0),
(247, '2019-04-12', '31', '3', '1', '25.175', '0.825', '0.175', '2', 'B', '0.260', '1', '15.000', 0, '35.200', 1, '1.000', '1.000', '0.000', 0, 0),
(248, '2019-04-12', '2', '4', '1', '42.950', '2.625', '0.250', '2', 'B', '0.260', '1', '0.000', 0, '0.000', 0, '0.000', '0.000', '0.000', 0, 0),
(249, '2019-04-12', '19', '5', '1', '13.100', '1.150', '0.225', '2', 'B', '0.260', '1', '0.000', 0, '0.000', 0, '0.000', '0.000', '0.000', 0, 0),
(250, '2019-04-12', '12', '3', '1', '20.250', '0.850', '0.150', '2', 'B', '0.260', '1', '0.000', 0, '0.000', 0, '0.000', '0.000', '0.000', 0, 0),
(251, '2019-04-12', '18', '2', '1', '24.800', '1.375', '0.300', '2', 'B', '0.260', '1', '0.000', 0, '0.000', 0, '0.000', '0.000', '0.000', 0, 0),
(252, '2019-04-12', '15', '4', '1', '33.400', '1.875', '0.500', '2', 'B', '0.260', '1', '0.000', 0, '0.000', 0, '0.000', '0.000', '0.000', 0, 0),
(253, '2019-04-12', '13', '2', '1', '34.075', '1.950', '0.150', '2', 'B', '0.260', '1', '0.000', 0, '0.000', 0, '0.000', '0.000', '0.000', 0, 0),
(254, '2019-04-12', '7', '3', '1', '16.875', '1.150', '0.325', '2', 'B', '0.260', '1', '0.000', 0, '0.000', 0, '0.000', '0.000', '0.000', 0, 0),
(255, '2019-04-12', '29', '2', '1', '18.325', '1.200', '0.450', '2', 'B', '0.260', '1', '0.000', 0, '0.000', 0, '0.000', '0.000', '0.000', 0, 0),
(256, '2019-04-12', '11', '3', '1', '15.150', '0.600', '0.100', '2', 'B', '0.260', '1', '0.000', 0, '32.200', 1, '0.000', '0.000', '0.000', 0, 0),
(257, '2019-04-12', '26', '4', '1', '23.675', '3.050', '0.250', '2', 'B', '0.260', '1', '15.000', 0, '0.000', 0, '0.000', '0.000', '0.000', 0, 0),
(258, '2019-04-12', '17', '5', '1', '27.125', '2.750', '0.150', '2', 'B', '0.260', '1', '20.000', 0, '0.000', 0, '1.000', '0.000', '0.000', 0, 0),
(259, '2019-04-12', '10', '2', '1', '38.875', '2.200', '0.150', '2', 'B', '0.260', '1', '20.000', 0, '58.300', 2, '1.000', '0.000', '0.000', 0, 0),
(260, '2019-04-12', '4', '1', '4', '4.360', '0.054', '0.000', '4', 'B', '0.260', '4', '0.000', 0, '0.000', 0, '0.000', '0.000', '0.000', 0, 0),
(261, '2019-04-12', '19', '1', '4', '24.560', '0.126', '0.000', '4', 'B', '0.260', '4', '0.000', 0, '0.000', 0, '0.000', '0.000', '0.000', 0, 0),
(262, '2019-04-12', '33', '1', '4', '5.580', '0.045', '0.000', '4', 'B', '0.260', '4', '0.000', 0, '0.000', 0, '0.000', '0.000', '0.000', 0, 0),
(263, '2019-04-12', '16', '1', '4', '4.320', '0.018', '0.000', '4', 'B', '0.260', '4', '0.000', 0, '0.000', 0, '0.000', '0.000', '0.000', 0, 0),
(264, '2019-04-12', '2', '1', '4', '6.280', '0.036', '0.000', '4', 'B', '0.260', '4', '0.000', 0, '0.000', 0, '0.000', '0.000', '0.000', 0, 0),
(265, '2019-04-12', '12', '1', '4', '6.080', '0.036', '0.000', '4', 'B', '0.260', '4', '0.000', 0, '0.000', 0, '0.000', '0.000', '0.000', 0, 0),
(266, '2019-04-12', '11', '1', '4', '1.180', '0.000', '0.000', '4', 'B', '0.260', '4', '0.000', 0, '0.000', 0, '0.000', '0.000', '0.000', 0, 0),
(267, '2019-04-12', '18', '1', '4', '4.260', '0.018', '0.000', '4', 'B', '0.260', '4', '0.000', 0, '0.000', 0, '0.000', '0.000', '0.000', 0, 0),
(268, '2019-04-12', '15', '1', '4', '6.280', '0.036', '0.000', '4', 'B', '0.260', '4', '0.000', 0, '0.000', 0, '0.000', '0.000', '0.000', 0, 0),
(269, '2019-04-12', '10', '1', '4', '0.760', '0.000', '0.000', '4', 'B', '0.260', '4', '0.000', 0, '0.000', 0, '0.000', '0.000', '0.000', 0, 0),
(270, '2019-04-12', '7', '1', '4', '11.320', '0.063', '0.000', '4', 'B', '0.260', '4', '0.000', 0, '0.000', 0, '0.000', '0.000', '0.000', 0, 0),
(271, '2019-04-12', '35', '1', '4', '104.000', '0.000', '0.000', '5', 'B', '0.260', '4', '0.000', 0, '0.000', 0, '0.000', '0.000', '0.000', 0, 0),
(272, '2019-04-13', '5', '2', '1', '29.200', '1.975', '0.375', '2', 'B', '0.260', '1', '0.000', 0, '0.000', 0, '0.000', '0.000', '0.000', 0, 0),
(273, '2019-04-13', '4', '5', '1', '25.675', '1.000', '0.150', '2', 'B', '0.260', '1', '0.000', 0, '0.000', 0, '0.000', '0.000', '0.000', 0, 0),
(274, '2019-04-13', '14', '4', '1', '32.975', '1.750', '0.300', '2', 'B', '0.260', '1', '0.000', 0, '64.700', 2, '0.000', '0.000', '0.000', 0, 0),
(275, '2019-04-13', '16', '3', '1', '20.225', '1.275', '0.250', '2', 'B', '0.260', '1', '0.000', 0, '0.000', 0, '0.000', '0.000', '0.000', 0, 0),
(276, '2019-04-13', '19', '2', '1', '16.200', '1.400', '0.250', '2', 'B', '0.260', '1', '0.000', 0, '0.000', 0, '0.000', '0.000', '0.000', 0, 0),
(277, '2019-04-13', '12', '4', '1', '18.950', '0.775', '0.150', '2', 'B', '0.260', '1', '15.000', 0, '0.000', 0, '0.000', '0.000', '0.000', 0, 0),
(278, '2019-04-13', '18', '5', '1', '32.600', '2.450', '0.450', '2', 'B', '0.260', '1', '0.000', 0, '0.000', 0, '0.000', '0.000', '0.000', 0, 0),
(279, '2019-04-13', '40', '5', '1', '36.075', '2.800', '0.400', '2', 'B', '0.260', '1', '0.000', 0, '0.000', 0, '1.000', '1.000', '0.000', 0, 0),
(280, '2019-04-13', '3', '2', '1', '19.600', '0.000', '0.000', '2', 'B', '0.260', '1', '0.000', 0, '0.000', 0, '0.000', '0.000', '0.000', 0, 0),
(281, '2019-04-13', '15', '4', '1', '23.975', '0.725', '0.750', '2', 'B', '0.260', '1', '0.000', 0, '63.600', 2, '0.000', '0.000', '10.000', 0, 0),
(282, '2019-04-13', '29', '2', '1', '19.025', '1.125', '0.150', '2', 'B', '0.260', '1', '0.000', 0, '0.000', 0, '0.000', '0.000', '0.000', 0, 0),
(283, '2019-04-13', '17', '2', '1', '0.000', '0.000', '0.000', '2', 'B', '0.260', '1', '0.000', 0, '70.600', 2, '0.000', '0.000', '0.000', 0, 0),
(284, '2019-04-13', '20', '1', '4', '8.860', '0.027', '0.000', '4', 'B', '0.260', '4', '0.000', 0, '0.000', 0, '0.000', '0.000', '0.000', 0, 0),
(285, '2019-04-13', '4', '1', '4', '1.500', '0.000', '0.000', '4', 'B', '0.260', '4', '0.000', 0, '0.000', 0, '0.000', '0.000', '0.000', 0, 0),
(286, '2019-04-13', '33', '1', '4', '5.060', '0.000', '0.000', '4', 'B', '0.260', '4', '3.000', 0, '0.000', 0, '0.000', '0.000', '5.000', 0, 0),
(287, '2019-04-13', '14', '1', '4', '11.680', '0.027', '0.000', '4', 'B', '0.260', '4', '0.000', 0, '0.000', 0, '0.000', '0.000', '0.000', 0, 0),
(288, '2019-04-13', '16', '1', '4', '2.700', '0.018', '0.000', '4', 'B', '0.260', '4', '0.000', 0, '0.000', 0, '0.000', '0.000', '0.000', 0, 0),
(289, '2019-04-13', '19', '1', '4', '24.020', '0.171', '0.000', '4', 'B', '0.260', '4', '0.000', 0, '0.000', 0, '0.000', '0.000', '0.000', 0, 0),
(290, '2019-04-13', '12', '1', '4', '4.700', '0.045', '0.000', '4', 'B', '0.260', '4', '0.000', 0, '0.000', 0, '0.000', '0.000', '0.000', 0, 0),
(291, '2019-04-13', '3', '1', '4', '7.600', '0.000', '0.000', '4', 'B', '0.260', '4', '0.000', 0, '0.000', 0, '0.000', '0.000', '0.000', 0, 0),
(292, '2019-04-13', '15', '1', '4', '4.560', '0.000', '0.000', '4', 'B', '0.260', '4', '0.000', 0, '0.000', 0, '0.000', '0.000', '0.000', 0, 0),
(293, '2019-04-13', '18', '1', '4', '6.020', '0.108', '0.000', '4', 'B', '0.260', '4', '0.000', 0, '0.000', 0, '0.000', '0.000', '0.000', 0, 0),
(294, '2019-04-13', '40', '1', '4', '1.820', '0.000', '0.000', '4', 'B', '0.260', '4', '0.000', 0, '0.000', 0, '0.000', '0.000', '0.000', 0, 0),
(295, '2019-04-13', '27', '5', '1', '2.500', '0.075', '0.075', '2', 'B', '0.260', '1', '0.000', 0, '0.000', 0, '0.000', '0.000', '0.000', 0, 0),
(296, '2019-04-13', '35', '1', '4', '78.000', '0.000', '0.000', '5', 'B', '0.260', '4', '0.000', 0, '0.000', 0, '0.000', '0.000', '0.000', 0, 0),
(297, '2019-04-14', '7', '2', '1', '24.850', '1.400', '0.300', '2', 'B', '0.260', '1', '15.000', 0, '190.600', 6, '1.000', '1.000', '0.000', 0, 0),
(298, '2019-04-14', '8', '5', '2', '24.250', '1.000', '0.250', '2', 'B', '0.260', '2', '15.000', 0, '0.000', 0, '0.000', '0.000', '0.000', 0, 0),
(299, '2019-04-14', '30', '3', '1', '23.150', '2.125', '0.850', '2', 'B', '0.260', '1', '0.000', 0, '115.400', 4, '0.000', '0.000', '0.000', 0, 0),
(300, '2019-04-14', '28', '2', '1', '21.150', '1.700', '0.325', '2', 'B', '0.260', '1', '0.000', 0, '154.800', 5, '0.000', '0.000', '0.000', 0, 0),
(301, '2019-04-14', '20', '5', '1', '17.925', '1.000', '0.225', '2', 'B', '0.260', '1', '10.000', 0, '0.000', 0, '0.000', '0.000', '0.000', 0, 0),
(302, '2019-04-14', '19', '4', '1', '22.825', '1.150', '0.300', '2', 'B', '0.260', '1', '36.400', 1, '0.000', 0, '2.000', '1.000', '0.000', 0, 0),
(303, '2019-04-14', '6', '2', '1', '8.150', '0.175', '0.000', '2', 'B', '0.260', '1', '0.000', 0, '0.000', 0, '0.000', '0.000', '0.000', 0, 0),
(304, '2019-04-14', '13', '6', '1', '31.325', '1.825', '0.150', '2', 'B', '0.260', '1', '25.000', 0, '66.600', 2, '1.000', '1.000', '0.000', 0, 0),
(305, '2019-04-14', '17', '6', '1', '20.475', '3.125', '0.150', '2', 'B', '0.260', '1', '0.000', 0, '0.000', 0, '0.000', '0.000', '0.000', 0, 0),
(306, '2019-04-14', '18', '4', '1', '8.825', '0.325', '0.100', '2', 'B', '0.260', '1', '0.000', 0, '0.000', 0, '0.000', '0.000', '0.000', 0, 0),
(307, '2019-04-14', '5', '5', '1', '19.475', '1.125', '0.100', '2', 'B', '0.260', '1', '0.000', 0, '0.000', 0, '0.000', '0.000', '0.000', 0, 0),
(308, '2019-04-14', '7', '1', '4', '17.160', '0.099', '0.000', '4', 'B', '0.260', '4', '0.000', 0, '0.000', 0, '0.000', '0.000', '0.000', 0, 0),
(309, '2019-04-14', '33', '1', '4', '1.740', '0.000', '0.000', '4', 'B', '0.260', '4', '0.000', 0, '0.000', 0, '0.000', '0.000', '0.000', 0, 0),
(310, '2019-04-14', '28', '1', '4', '21.240', '0.135', '0.000', '4', 'B', '0.260', '4', '0.000', 0, '0.000', 0, '0.000', '0.000', '0.000', 0, 0),
(311, '2019-04-14', '20', '1', '4', '9.900', '0.108', '0.000', '4', 'B', '0.260', '4', '0.000', 0, '0.000', 0, '0.000', '0.000', '0.000', 0, 0),
(312, '2019-04-14', '6', '1', '4', '1.240', '0.000', '0.000', '4', 'B', '0.260', '4', '0.000', 0, '0.000', 0, '0.000', '0.000', '0.000', 0, 0),
(313, '2019-04-14', '18', '1', '4', '1.660', '0.072', '0.000', '4', 'B', '0.260', '4', '0.000', 0, '0.000', 0, '0.000', '0.000', '0.000', 0, 0),
(314, '2019-04-14', '35', '1', '4', '59.852', '0.000', '0.000', '5', 'B', '0.260', '4', '0.000', 0, '0.000', 0, '0.000', '0.000', '0.000', 0, 0),
(325, '2019-04-16', '11', '3', '1', '17.300', '0.675', '0.100', '2', 'B', '0.260', '1', '0.000', 0, '0.000', 0, '0.000', '0.000', '0.000', 0, 0),
(326, '2019-04-16', '15', '3', '1', '28.025', '0.000', '1.200', '2', 'B', '0.260', '1', '0.000', 0, '0.000', 0, '0.000', '0.000', '0.000', 0, 0),
(327, '2019-04-16', '10', '5', '1', '25.600', '0.800', '0.000', '2', 'B', '0.260', '1', '0.000', 0, '0.000', 0, '0.000', '0.000', '0.000', 0, 0),
(328, '2019-04-16', '31', '5', '1', '13.650', '1.000', '0.250', '2', 'B', '0.260', '1', '0.000', 0, '0.000', 0, '0.000', '0.000', '0.000', 0, 0),
(329, '2019-04-16', '18', '2', '1', '0.000', '0.000', '0.000', '2', 'B', '0.260', '1', '34.600', 1, '264.100', 8, '0.000', '0.000', '0.000', 0, 0),
(330, '2019-04-16', '29', '4', '1', '14.700', '1.300', '0.175', '2', 'B', '0.260', '1', '16.900', 0, '58.400', 2, '0.000', '0.000', '0.000', 0, 0),
(331, '2019-04-16', '40', '6', '1', '15.550', '0.175', '0.000', '2', 'B', '0.260', '1', '0.000', 0, '61.200', 2, '0.000', '0.000', '0.000', 0, 0),
(332, '2019-04-16', '4', '1', '4', '3.400', '0.099', '0.000', '4', 'B', '0.260', '4', '0.000', 0, '0.000', 0, '0.000', '0.000', '0.000', 0, 0),
(333, '2019-04-16', '33', '1', '4', '4.900', '0.153', '0.000', '4', 'B', '0.260', '4', '0.000', 0, '0.000', 0, '1.000', '0.000', '0.000', 0, 0),
(334, '2019-04-16', '16', '1', '4', '1.440', '0.072', '0.000', '4', 'B', '0.260', '4', '0.000', 0, '0.000', 0, '0.000', '0.000', '0.000', 0, 0),
(335, '2019-04-16', '3', '1', '4', '9.980', '0.297', '0.000', '4', 'B', '0.260', '4', '0.000', 0, '0.000', 0, '0.000', '0.000', '0.000', 0, 0),
(336, '2019-04-16', '7', '1', '4', '18.340', '0.198', '0.000', '4', 'B', '0.260', '4', '0.000', 0, '0.000', 0, '0.000', '0.000', '0.000', 0, 0),
(337, '2019-04-16', '20', '1', '4', '7.960', '0.333', '0.000', '4', 'B', '0.260', '4', '0.000', 0, '0.000', 0, '0.000', '0.000', '0.000', 0, 0),
(338, '2019-04-16', '2', '1', '4', '5.760', '0.198', '0.000', '4', 'B', '0.260', '4', '0.000', 0, '0.000', 0, '0.000', '0.000', '0.000', 0, 0),
(339, '2019-04-16', '18', '1', '4', '6.720', '0.396', '0.000', '4', 'B', '0.260', '4', '0.000', 0, '0.000', 0, '0.000', '0.000', '0.000', 0, 0),
(340, '2019-04-16', '15', '1', '4', '4.700', '0.054', '0.000', '4', 'B', '0.260', '4', '0.000', 0, '0.000', 0, '0.000', '0.000', '0.000', 0, 0),
(341, '2019-04-16', '19', '1', '4', '6.020', '0.243', '0.000', '4', 'B', '0.260', '4', '0.000', 0, '0.000', 0, '0.000', '0.000', '0.000', 0, 0),
(342, '2019-04-16', '12', '1', '4', '6.220', '0.207', '0.000', '4', 'B', '0.260', '4', '0.000', 0, '0.000', 0, '0.000', '0.000', '0.000', 0, 0),
(343, '2019-04-16', '11', '1', '4', '1.200', '0.036', '0.000', '4', 'B', '0.260', '4', '0.000', 0, '0.000', 0, '0.000', '0.000', '0.000', 0, 0),
(344, '2019-04-16', '10', '1', '4', '2.360', '0.144', '0.000', '4', 'B', '0.260', '4', '0.000', 0, '0.000', 0, '0.000', '0.000', '0.000', 0, 0),
(345, '2019-04-16', '40', '1', '4', '1.240', '0.027', '0.000', '4', 'B', '0.260', '4', '0.000', 0, '0.000', 0, '0.000', '0.000', '0.000', 0, 0),
(346, '2019-04-16', '20', '5', '1', '33.250', '1.425', '0.225', '2', 'B', '0.260', '1', '0.000', 0, '0.000', 0, '0.000', '0.000', '0.000', 0, 0),
(347, '2019-04-16', '3', '2', '1', '20.325', '2.100', '0.225', '2', 'B', '0.260', '1', '0.000', 0, '0.000', 0, '0.000', '0.000', '0.000', 0, 0),
(348, '2019-04-16', '19', '4', '1', '37.275', '2.400', '0.300', '2', 'B', '0.260', '1', '0.000', 0, '0.000', 0, '0.000', '0.000', '0.000', 0, 0),
(349, '2019-04-16', '7', '5', '1', '25.250', '1.250', '0.725', '2', 'B', '0.260', '1', '12.000', 0, '0.000', 0, '0.000', '0.000', '0.000', 0, 0),
(350, '2019-04-16', '26', '6', '1', '28.725', '1.350', '0.300', '2', 'B', '0.260', '1', '20.000', 0, '101.400', 3, '0.000', '0.000', '0.000', 0, 0),
(351, '2019-04-16', '12', '4', '1', '35.575', '1.650', '0.150', '2', 'B', '0.260', '1', '20.000', 0, '70.300', 2, '1.000', '0.000', '0.000', 0, 0),
(352, '2019-04-16', '4', '6', '1', '30.450', '0.900', '0.175', '2', 'B', '0.260', '1', '40.100', 1, '0.000', 0, '1.000', '0.000', '20.000', 0, 0),
(353, '2019-04-16', '16', '6', '1', '13.950', '0.875', '0.175', '2', 'B', '0.260', '1', '0.000', 0, '0.000', 0, '0.000', '0.000', '0.000', 0, 0),
(354, '2019-04-16', '2', '5', '1', '42.125', '1.300', '0.150', '2', 'B', '0.260', '1', '0.000', 0, '0.000', 0, '0.000', '0.000', '0.000', 0, 0),
(355, '2019-04-16', '13', '2', '1', '26.025', '1.150', '0.000', '2', 'B', '0.260', '1', '0.000', 0, '0.000', 0, '0.000', '0.000', '0.000', 0, 0),
(356, '2019-04-17', '19', '3', '1', '42.400', '2.950', '0.375', '2', 'B', '0.260', '1', '0.000', 0, '0.000', 0, '0.000', '0.000', '0.000', 0, 0),
(357, '2019-04-17', '7', '2', '1', '36.000', '2.050', '0.400', '2', 'B', '0.260', '1', '15.000', 0, '0.000', 0, '0.000', '0.000', '0.000', 0, 0);
INSERT INTO `cont_issue_receive` (`id`, `date`, `cont_name`, `checker_name`, `batch1`, `asal_bidi`, `chant_bidi_pcs`, `chant_bidi_kgs`, `wages`, `qlty`, `tob_wt`, `batch2`, `tob`, `tob_bag`, `leaves`, `leaves_bag`, `bl_yarn`, `wh_yarn`, `filter`, `disc`, `cartons`) VALUES
(358, '2019-04-17', '18', '5', '1', '49.000', '2.925', '0.550', '2', 'B', '0.260', '1', '0.000', 0, '0.000', 0, '0.000', '0.000', '0.000', 0, 0),
(359, '2019-04-17', '2', '6', '1', '3.300', '1.750', '0.375', '2', 'B', '0.260', '1', '0.000', 0, '0.000', 0, '0.000', '0.000', '0.000', 0, 0),
(360, '2019-04-17', '29', '4', '1', '12.500', '1.400', '0.200', '2', 'B', '0.260', '1', '0.000', 0, '0.000', 0, '0.000', '0.000', '0.000', 0, 0),
(361, '2019-04-17', '14', '5', '1', '25.425', '1.175', '0.150', '2', 'B', '0.260', '1', '0.000', 0, '0.000', 0, '0.000', '0.000', '0.000', 0, 0),
(362, '2019-04-17', '40', '2', '1', '9.150', '1.375', '0.250', '2', 'B', '0.260', '1', '37.300', 1, '0.000', 0, '1.000', '0.000', '0.000', 0, 0),
(363, '2019-04-17', '28', '2', '1', '22.900', '1.400', '0.100', '2', 'B', '0.260', '1', '0.000', 0, '0.000', 0, '0.000', '0.000', '0.000', 0, 0),
(364, '2019-04-17', '10', '5', '1', '43.475', '3.750', '0.225', '2', 'B', '0.260', '1', '19.100', 0, '0.000', 0, '1.000', '1.000', '0.000', 0, 0),
(365, '2019-04-17', '27', '2', '1', '3.000', '0.100', '0.025', '2', 'B', '0.260', '1', '0.000', 0, '15.200', 0, '0.000', '0.000', '0.000', 0, 0),
(366, '2019-04-17', '7', '1', '4', '6.000', '0.162', '0.000', '4', 'B', '0.260', '4', '0.000', 0, '0.000', 0, '0.000', '0.000', '0.000', 0, 0),
(367, '2019-04-17', '33', '1', '4', '1.300', '0.009', '0.000', '4', 'B', '0.260', '4', '0.000', 0, '0.000', 0, '0.000', '0.000', '0.000', 0, 0),
(368, '2019-04-17', '28', '1', '4', '11.500', '0.288', '0.000', '4', 'B', '0.260', '4', '0.000', 0, '0.000', 0, '0.000', '0.000', '0.000', 0, 0),
(369, '2019-04-17', '14', '1', '4', '11.180', '0.126', '0.000', '4', 'B', '0.260', '4', '0.000', 0, '0.000', 0, '0.000', '0.000', '0.000', 0, 0),
(370, '2019-04-18', '16', '2', '1', '28.050', '1.975', '0.300', '2', 'B', '0.260', '1', '38.600', 1, '0.000', 0, '1.000', '0.000', '0.000', 0, 0),
(371, '2019-04-18', '4', '2', '1', '29.600', '1.150', '0.225', '2', 'B', '0.260', '1', '0.000', 0, '0.000', 0, '0.000', '0.000', '0.000', 0, 0),
(372, '2019-04-18', '20', '2', '1', '26.550', '1.475', '0.300', '2', 'B', '0.260', '1', '38.800', 1, '0.000', 0, '1.000', '1.000', '0.000', 25, 0),
(373, '2019-04-18', '12', '2', '1', '28.900', '1.200', '0.125', '2', 'B', '0.260', '1', '0.000', 0, '0.000', 0, '0.000', '0.000', '0.000', 0, 0),
(374, '2019-04-18', '7', '5', '1', '24.050', '1.425', '0.400', '2', 'B', '0.260', '1', '0.000', 0, '0.000', 0, '0.000', '0.000', '0.000', 0, 0),
(375, '2019-04-18', '2', '6', '1', '30.675', '0.000', '0.000', '2', 'B', '0.260', '1', '0.000', 0, '0.000', 0, '0.000', '0.000', '0.000', 0, 0),
(376, '2019-04-18', '5', '4', '1', '24.425', '1.300', '0.100', '2', 'B', '0.260', '1', '34.800', 1, '0.000', 0, '1.000', '0.000', '0.000', 0, 0),
(377, '2019-04-18', '17', '6', '1', '28.550', '3.375', '0.225', '2', 'B', '0.260', '1', '0.000', 0, '0.000', 0, '0.000', '0.000', '0.000', 0, 0),
(378, '2019-04-18', '26', '5', '1', '23.575', '1.150', '0.000', '2', 'B', '0.260', '1', '0.000', 0, '0.000', 0, '1.000', '0.000', '0.000', 0, 0),
(379, '2019-04-18', '15', '5', '1', '7.275', '0.000', '0.000', '2', 'B', '0.260', '1', '15.000', 0, '0.000', 0, '0.000', '0.000', '0.000', 0, 0),
(380, '2019-04-18', '33', '1', '4', '2.380', '0.144', '0.000', '4', 'B', '0.260', '4', '6.000', 1, '0.000', 0, '0.000', '0.000', '0.000', 0, 0),
(381, '2019-04-18', '4', '1', '4', '2.560', '0.153', '0.000', '4', 'B', '0.260', '4', '0.000', 0, '0.000', 0, '0.000', '0.000', '0.000', 0, 0),
(382, '2019-04-18', '2', '1', '4', '2.560', '0.045', '0.000', '4', 'B', '0.260', '4', '0.000', 0, '0.000', 0, '0.000', '0.000', '0.000', 0, 0),
(383, '2019-04-18', '16', '1', '4', '1.080', '0.036', '0.000', '4', 'B', '0.260', '4', '0.000', 0, '0.000', 0, '0.000', '0.000', '0.000', 0, 0),
(384, '2019-04-18', '20', '1', '4', '10.420', '0.180', '0.000', '4', 'B', '0.260', '4', '0.000', 0, '0.000', 0, '0.000', '0.000', '0.000', 0, 0),
(385, '2019-04-18', '18', '1', '4', '6.360', '0.000', '0.000', '4', 'B', '0.260', '4', '0.000', 0, '0.000', 0, '0.000', '0.000', '0.000', 0, 0),
(386, '2019-04-18', '7', '1', '4', '7.940', '0.072', '0.000', '4', 'B', '0.260', '4', '0.000', 0, '0.000', 0, '0.000', '0.000', '0.000', 0, 0),
(387, '2019-04-18', '12', '1', '4', '4.840', '0.090', '0.000', '4', 'B', '0.260', '4', '0.000', 0, '0.000', 0, '0.000', '0.000', '0.000', 0, 0),
(388, '2019-04-18', '15', '1', '4', '4.900', '0.054', '0.000', '4', 'B', '0.260', '4', '0.000', 0, '0.000', 0, '0.000', '0.000', '0.000', 0, 0),
(389, '2019-04-18', '35', '1', '4', '112.710', '0.000', '0.000', '5', 'B', '0.260', '4', '0.000', 0, '0.000', 0, '0.000', '0.000', '0.000', 0, 0),
(390, '2019-04-18', '18', '5', '1', '31.875', '1.450', '0.225', '2', 'B', '0.260', '1', '0.000', 0, '0.000', 0, '0.000', '0.000', '0.000', 0, 0),
(391, '2019-04-19', '3', '3', '1', '24.900', '1.650', '0.225', '2', 'B', '0.260', '1', '0.000', 0, '0.000', 0, '0.000', '0.000', '0.000', 0, 0),
(392, '2019-04-19', '8', '5', '2', '26.825', '1.375', '0.250', '2', 'B', '0.244', '2', '10.000', 0, '69.800', 2, '1.000', '1.000', '0.000', 0, 0),
(393, '2019-04-19', '19', '5', '1', '49.125', '2.675', '0.600', '2', 'B', '0.260', '1', '15.000', 0, '0.000', 0, '0.000', '0.000', '0.000', 0, 0),
(394, '2019-04-19', '15', '2', '1', '26.100', '0.000', '6.000', '2', 'B', '0.260', '1', '0.000', 0, '0.000', 0, '0.000', '0.000', '0.000', 0, 0),
(395, '2019-04-19', '7', '6', '1', '33.450', '1.675', '0.750', '2', 'B', '0.260', '1', '15.000', 0, '0.000', 0, '1.000', '0.000', '0.000', 0, 0),
(396, '2019-04-19', '30', '6', '1', '15.250', '1.975', '0.600', '2', 'B', '0.260', '1', '25.000', 0, '0.000', 0, '1.000', '0.000', '0.000', 0, 0),
(397, '2019-04-19', '40', '4', '1', '20.250', '0.850', '0.200', '2', 'B', '0.248', '1', '0.000', 0, '0.000', 0, '0.000', '0.000', '0.000', 0, 0),
(398, '2019-04-19', '26', '5', '1', '19.000', '2.000', '0.825', '2', 'B', '0.260', '1', '0.000', 0, '0.000', 0, '0.000', '0.000', '0.000', 0, 0),
(399, '2019-04-19', '28', '2', '1', '20.725', '2.525', '0.250', '2', 'B', '0.260', '1', '15.000', 0, '0.000', 0, '1.000', '0.000', '0.000', 0, 0),
(400, '2019-04-19', '17', '6', '1', '23.000', '3.425', '0.200', '2', 'B', '0.260', '1', '15.000', 0, '0.000', 0, '0.000', '0.000', '0.000', 0, 0),
(401, '2019-04-19', '18', '2', '1', '20.750', '1.150', '0.300', '2', 'B', '0.260', '1', '0.000', 0, '0.000', 0, '0.000', '0.000', '0.000', 0, 0),
(402, '2019-04-19', '3', '1', '4', '10.000', '0.234', '0.000', '4', 'B', '0.260', '4', '0.000', 0, '0.000', 0, '0.000', '0.000', '0.000', 0, 0),
(403, '2019-04-19', '33', '1', '4', '2.280', '0.000', '0.000', '4', 'B', '0.260', '4', '0.000', 0, '0.000', 0, '0.000', '0.000', '0.000', 0, 0),
(404, '2019-04-19', '19', '1', '4', '1.960', '0.018', '0.000', '2', 'B', '0.260', '4', '0.000', 0, '0.000', 0, '0.000', '0.000', '0.000', 0, 0),
(405, '2019-04-19', '28', '1', '4', '1.960', '0.018', '0.000', '4', 'B', '0.260', '4', '0.000', 0, '0.000', 0, '0.000', '0.000', '0.000', 0, 0),
(406, '2019-04-19', '18', '1', '4', '3.600', '0.018', '0.000', '4', 'B', '0.260', '4', '0.000', 0, '0.000', 0, '0.000', '0.000', '0.000', 0, 0),
(407, '2019-04-19', '35', '1', '4', '114.062', '0.000', '0.000', '5', 'B', '0.260', '4', '0.000', 0, '0.000', 0, '0.000', '0.000', '0.000', 0, 0),
(408, '2019-04-14', '42', '5', '5', '5222.400', '0.000', '0.000', '3', 'B', '0.260', '5', '1418.100', 40, '3182.600', 84, '0.000', '32.000', '0.000', 0, 0),
(409, '2019-04-20', '13', '5', '1', '45.950', '3.625', '0.150', '2', 'B', '0.256', '1', '12.000', 0, '61.000', 2, '0.000', '0.000', '0.000', 0, 0),
(410, '2019-04-20', '19', '2', '1', '42.650', '2.225', '0.300', '2', 'B', '0.260', '1', '34.000', 1, '0.000', 0, '2.000', '1.000', '0.000', 0, 0),
(411, '2019-04-20', '20', '4', '1', '31.950', '1.725', '0.225', '2', 'B', '0.260', '1', '0.000', 0, '0.000', 0, '0.000', '0.000', '0.000', 0, 0),
(412, '2019-04-20', '16', '6', '1', '35.225', '1.450', '0.250', '2', 'B', '0.260', '1', '0.000', 0, '0.000', 0, '0.000', '0.000', '0.000', 0, 0),
(413, '2019-04-20', '4', '4', '1', '36.100', '2.025', '0.300', '2', 'B', '0.260', '1', '0.000', 0, '0.000', 0, '0.000', '0.000', '0.000', 0, 0),
(414, '2019-04-20', '12', '5', '1', '41.400', '1.775', '0.150', '2', 'B', '0.260', '1', '20.000', 0, '0.000', 0, '1.000', '0.000', '0.000', 0, 0),
(415, '2019-04-20', '7', '2', '1', '26.125', '0.825', '0.300', '2', 'B', '0.260', '1', '0.000', 0, '0.000', 0, '0.000', '0.000', '30.000', 0, 0),
(416, '2019-04-20', '10', '6', '1', '35.700', '1.800', '0.300', '2', 'B', '0.260', '1', '0.000', 0, '59.600', 2, '0.000', '0.000', '0.000', 0, 0),
(417, '2019-04-20', '14', '5', '1', '25.275', '0.850', '0.150', '2', 'B', '0.260', '1', '20.000', 1, '0.000', 0, '1.000', '0.000', '30.000', 0, 0),
(418, '2019-04-20', '2', '2', '1', '39.675', '3.700', '0.525', '2', 'B', '0.260', '1', '20.000', 0, '0.000', 0, '1.000', '1.000', '0.000', 0, 0),
(419, '2019-04-20', '11', '2', '1', '19.550', '0.900', '0.150', '2', 'B', '0.260', '1', '0.000', 0, '30.400', 1, '0.000', '0.000', '0.000', 0, 0),
(420, '2019-04-20', '6', '6', '1', '17.675', '0.600', '0.000', '2', 'B', '0.248', '1', '15.000', 0, '0.000', 0, '0.000', '0.000', '0.000', 0, 0),
(421, '2019-04-20', '18', '4', '1', '35.075', '2.125', '0.375', '2', 'B', '0.260', '1', '0.000', 0, '0.000', 0, '0.000', '0.000', '0.000', 0, 0),
(422, '2019-04-20', '31', '6', '1', '20.175', '0.850', '0.200', '2', 'B', '0.260', '1', '0.000', 0, '0.000', 0, '0.000', '0.000', '0.000', 0, 0),
(423, '2019-04-20', '29', '4', '1', '12.275', '0.825', '0.150', '2', 'B', '0.260', '1', '0.000', 0, '0.000', 0, '0.000', '0.000', '0.000', 0, 0),
(424, '2019-04-20', '40', '5', '1', '22.675', '1.500', '0.300', '2', 'B', '0.260', '1', '0.000', 0, '0.000', 0, '0.000', '0.000', '0.000', 0, 0),
(425, '2019-04-20', '15', '2', '1', '28.950', '1.050', '3.300', '2', 'B', '0.260', '1', '20.000', 0, '60.500', 2, '1.000', '0.000', '20.000', 0, 0),
(426, '2019-04-20', '5', '5', '1', '19.000', '1.250', '0.100', '2', 'B', '0.260', '1', '0.000', 0, '0.000', 0, '0.000', '0.000', '0.000', 0, 0),
(427, '2019-04-20', '17', '4', '1', '0.000', '2.325', '0.375', '2', 'B', '0.260', '1', '0.000', 0, '0.000', 0, '0.000', '0.000', '0.000', 0, 0),
(428, '2019-04-20', '20', '1', '4', '2.580', '0.027', '0.000', '4', 'B', '0.260', '4', '0.000', 0, '0.000', 0, '0.000', '0.000', '0.000', 0, 0),
(429, '2019-04-20', '33', '1', '4', '1.300', '0.000', '0.000', '4', 'B', '0.260', '4', '0.000', 0, '0.000', 0, '0.000', '0.000', '0.000', 0, 0),
(430, '2019-04-20', '7', '1', '4', '0.800', '0.000', '0.000', '4', 'B', '0.260', '4', '0.000', 0, '0.000', 0, '0.000', '0.000', '0.000', 0, 0),
(431, '2019-04-20', '4', '1', '4', '3.440', '0.018', '0.000', '2', 'B', '0.260', '4', '0.000', 0, '0.000', 0, '0.000', '0.000', '0.000', 0, 0),
(432, '2019-04-20', '16', '4', '4', '2.320', '0.018', '0.000', '4', 'B', '0.260', '4', '0.000', 0, '0.000', 0, '0.000', '0.000', '0.000', 0, 0),
(433, '2019-04-20', '10', '1', '4', '1.620', '0.027', '0.000', '4', 'B', '0.260', '4', '0.000', 0, '0.000', 0, '0.000', '0.000', '0.000', 0, 0),
(434, '2019-04-20', '12', '1', '4', '5.820', '0.063', '0.000', '4', 'B', '0.260', '4', '0.000', 0, '0.000', 0, '0.000', '0.000', '0.000', 0, 0),
(435, '2019-04-20', '14', '1', '4', '7.440', '0.000', '0.000', '4', 'B', '0.260', '4', '0.000', 0, '0.000', 0, '0.000', '0.000', '0.000', 0, 0),
(436, '2019-04-20', '11', '1', '4', '2.260', '0.000', '0.000', '4', 'B', '0.260', '4', '0.000', 0, '0.000', 0, '0.000', '0.000', '0.000', 0, 0),
(437, '2019-04-20', '2', '1', '4', '3.720', '0.000', '0.000', '4', 'B', '0.260', '4', '0.000', 0, '0.000', 0, '0.000', '0.000', '0.000', 0, 0),
(438, '2019-04-20', '18', '1', '4', '4.480', '0.000', '0.000', '4', 'B', '0.260', '4', '0.000', 0, '0.000', 0, '0.000', '0.000', '0.000', 0, 0),
(439, '2019-04-20', '15', '1', '4', '5.680', '0.000', '0.000', '4', 'B', '0.260', '4', '0.000', 0, '0.000', 0, '0.000', '0.000', '0.000', 0, 0),
(440, '2019-04-20', '40', '1', '4', '1.560', '0.000', '0.000', '4', 'B', '0.260', '4', '0.000', 0, '0.000', 0, '0.000', '0.000', '0.000', 0, 0),
(441, '2019-04-20', '6', '1', '4', '0.980', '0.000', '0.000', '4', 'B', '0.260', '4', '0.000', 0, '0.000', 0, '0.000', '0.000', '0.000', 0, 0),
(442, '2019-04-20', '35', '1', '4', '57.018', '0.000', '0.000', '4', 'B', '0.260', '4', '0.000', 0, '0.000', 0, '0.000', '0.000', '0.000', 0, 0),
(443, '2019-04-20', '39', '5', '1', '224.910', '20.225', '0.000', '6', 'B', '0.260', '1', '0.000', 0, '0.000', 0, '0.000', '0.000', '0.000', 0, 0),
(444, '2019-04-20', '37', '2', '1', '583.440', '40.248', '0.000', '1', 'B', '0.260', '1', '0.000', 0, '0.000', 0, '15.000', '5.000', '0.000', 100, 0),
(445, '2019-04-21', '3', '3', '1', '24.750', '1.275', '0.150', '2', 'B', '0.260', '1', '25.000', 0, '0.000', 0, '1.000', '0.000', '0.000', 0, 0),
(446, '2019-04-21', '19', '5', '1', '39.100', '2.350', '0.400', '2', 'B', '0.260', '1', '0.000', 0, '218.000', 7, '0.000', '0.000', '0.000', 0, 0),
(447, '2019-04-21', '12', '2', '1', '19.850', '0.800', '0.150', '2', 'B', '0.260', '1', '0.000', 0, '96.900', 3, '0.000', '0.000', '0.000', 0, 0),
(448, '2019-04-21', '20', '6', '1', '27.825', '1.825', '0.225', '2', 'B', '0.260', '1', '0.000', 0, '0.000', 0, '0.000', '0.000', '0.000', 0, 0),
(449, '2019-04-21', '26', '5', '1', '28.400', '1.575', '0.225', '2', 'B', '0.260', '1', '15.000', 0, '0.000', 0, '0.000', '0.000', '0.000', 0, 0),
(450, '2019-04-21', '28', '2', '1', '30.550', '2.150', '0.175', '2', 'B', '0.260', '1', '15.000', 0, '0.000', 0, '0.000', '1.000', '0.000', 0, 0),
(451, '2019-04-21', '18', '5', '1', '10.125', '0.650', '0.000', '2', 'B', '0.260', '1', '38.100', 1, '0.000', 0, '1.000', '0.000', '0.000', 0, 0),
(452, '2019-04-21', '33', '1', '4', '5.200', '0.200', '0.000', '4', 'B', '0.260', '4', '0.000', 0, '0.000', 0, '0.000', '0.000', '0.000', 0, 0),
(453, '2019-04-21', '20', '1', '4', '3.640', '0.027', '0.000', '4', 'B', '0.260', '4', '0.000', 0, '0.000', 0, '0.000', '0.000', '0.000', 0, 0),
(454, '2019-04-21', '3', '1', '4', '5.820', '0.090', '0.000', '4', 'B', '0.260', '4', '0.000', 0, '0.000', 0, '0.000', '0.000', '0.000', 0, 0),
(455, '2019-04-21', '17', '1', '4', '0.000', '5.350', '0.000', '4', 'B', '0.260', '4', '0.000', 0, '0.000', 0, '0.000', '0.000', '0.000', 0, 0),
(456, '2019-04-21', '10', '1', '1', '14.275', '1.150', '0.200', '2', 'B', '0.260', '1', '15.000', 0, '0.000', 0, '0.000', '0.000', '0.000', 0, 0),
(457, '2019-04-21', '35', '2', '1', '787.200', '0.000', '0.000', '1', 'B', '0.260', '1', '901.500', 25, '0.000', 0, '15.000', '11.000', '0.000', 0, 50),
(458, '2019-04-21', '36', '5', '1', '336.000', '0.000', '0.000', '1', 'B', '0.260', '1', '254.100', 7, '0.000', 0, '0.000', '5.000', '0.000', 0, 25),
(459, '2019-04-21', '36', '1', '4', '83.200', '0.000', '0.000', '5', 'B', '0.260', '4', '0.000', 0, '0.000', 0, '0.000', '0.000', '0.000', 0, 0),
(460, '2019-04-22', '7', '5', '1', '42.400', '2.225', '0.475', '2', 'B', '0.260', '1', '35.700', 1, '0.000', 0, '2.000', '1.000', '50.000', 0, 0),
(461, '2019-04-22', '8', '2', '2', '19.375', '0.900', '0.175', '2', 'B', '0.260', '2', '0.000', 0, '0.000', 0, '0.000', '0.000', '0.000', 0, 0),
(462, '2019-04-22', '13', '4', '1', '42.625', '4.000', '0.650', '2', 'B', '0.260', '1', '38.400', 1, '0.000', 0, '1.000', '1.000', '0.000', 0, 0),
(463, '2019-04-22', '4', '6', '1', '30.825', '1.750', '0.300', '2', 'B', '0.260', '1', '35.100', 1, '0.000', 0, '1.000', '1.000', '0.000', 0, 0),
(464, '2019-04-22', '16', '5', '1', '34.800', '2.025', '0.300', '2', 'B', '0.260', '1', '0.000', 0, '0.000', 0, '0.000', '0.000', '0.000', 0, 0),
(465, '2019-04-22', '2', '5', '1', '28.075', '1.525', '0.225', '2', 'B', '0.260', '1', '33.600', 1, '267.200', 8, '1.000', '0.000', '0.000', 0, 0),
(466, '2019-04-22', '12', '2', '1', '17.200', '0.700', '0.100', '2', 'B', '0.260', '1', '0.000', 0, '0.000', 0, '0.000', '0.000', '0.000', 0, 0),
(467, '2019-04-22', '19', '5', '1', '29.625', '1.475', '0.300', '2', 'B', '0.260', '1', '37.400', 1, '0.000', 0, '2.000', '1.000', '100.000', 0, 0),
(468, '2019-04-22', '18', '4', '1', '22.650', '1.350', '0.225', '2', 'B', '0.260', '1', '0.000', 0, '0.000', 0, '0.000', '0.000', '0.000', 0, 0),
(469, '2019-04-22', '20', '6', '1', '19.175', '1.025', '0.150', '2', 'B', '0.260', '1', '0.000', 0, '0.000', 0, '3.000', '1.000', '50.000', 0, 0),
(470, '2019-04-22', '3', '6', '1', '12.050', '0.425', '0.075', '2', 'B', '0.260', '1', '0.000', 0, '0.000', 0, '0.000', '0.000', '0.000', 0, 0),
(471, '2019-04-22', '17', '2', '1', '33.350', '2.300', '0.150', '2', 'B', '0.260', '1', '0.000', 0, '0.000', 0, '0.000', '0.000', '0.000', 0, 0),
(472, '2019-04-22', '29', '2', '1', '14.300', '1.425', '0.300', '2', 'B', '0.260', '1', '20.000', 0, '0.000', 0, '1.000', '1.000', '0.000', 0, 0),
(473, '2019-04-22', '40', '5', '1', '24.900', '1.800', '0.225', '2', 'B', '0.260', '1', '0.000', 0, '68.300', 2, '0.000', '0.000', '0.000', 0, 0),
(474, '2019-04-22', '31', '6', '1', '7.525', '0.900', '0.225', '2', 'B', '0.260', '1', '10.000', 0, '36.500', 1, '1.000', '1.000', '0.000', 0, 0),
(475, '2019-04-22', '3', '1', '4', '2.560', '0.018', '0.000', '4', 'B', '0.260', '4', '0.000', 0, '0.000', 0, '0.000', '0.000', '0.000', 0, 0),
(476, '2019-04-22', '12', '1', '4', '3.700', '0.045', '0.000', '4', 'B', '0.260', '4', '0.000', 0, '0.000', 0, '0.000', '0.000', '0.000', 0, 0),
(477, '2019-04-22', '4', '1', '4', '1.780', '0.018', '0.000', '2', 'B', '0.260', '4', '0.000', 0, '0.000', 0, '0.000', '0.000', '0.000', 0, 0),
(478, '2019-04-22', '16', '1', '4', '1.540', '0.018', '0.000', '4', 'B', '0.260', '4', '0.000', 0, '0.000', 0, '0.000', '0.000', '0.000', 0, 0),
(479, '2019-04-22', '2', '1', '4', '1.300', '0.000', '0.000', '4', 'B', '0.260', '4', '0.000', 0, '0.000', 0, '0.000', '0.000', '0.000', 0, 0),
(480, '2019-04-22', '18', '1', '4', '2.320', '0.000', '0.000', '4', 'B', '0.260', '4', '0.000', 0, '0.000', 0, '0.000', '0.000', '0.000', 0, 0),
(481, '2019-04-22', '20', '1', '4', '2.740', '0.027', '0.000', '4', 'B', '0.260', '4', '0.000', 0, '0.000', 0, '0.000', '0.000', '0.000', 0, 0),
(482, '2019-04-22', '36', '1', '4', '15.496', '0.000', '0.000', '4', 'B', '0.260', '4', '0.000', 0, '0.000', 0, '0.000', '0.000', '0.000', 0, 0),
(483, '2019-04-24', '7', '2', '1', '47.125', '2.825', '0.750', '2', 'B', '0.260', '1', '0.000', 0, '0.000', 0, '0.000', '0.000', '0.000', 0, 0),
(484, '2019-04-24', '19', '5', '1', '51.425', '2.300', '0.225', '2', 'B', '0.260', '1', '0.000', 0, '0.000', 0, '0.000', '0.000', '0.000', 0, 0),
(485, '2019-04-24', '3', '4', '1', '28.075', '1.300', '0.300', '2', 'B', '0.260', '1', '0.000', 0, '0.000', 0, '0.000', '0.000', '0.000', 0, 0),
(486, '2019-04-24', '20', '6', '1', '38.925', '1.650', '0.225', '2', 'B', '0.260', '1', '35.400', 1, '0.000', 0, '0.000', '0.000', '0.000', 0, 0),
(487, '2019-04-24', '4', '2', '1', '38.875', '1.725', '0.225', '2', 'B', '0.260', '1', '0.000', 0, '0.000', 0, '0.000', '0.000', '0.000', 0, 0),
(488, '2019-04-24', '16', '6', '1', '32.125', '1.250', '0.225', '2', 'B', '0.260', '1', '37.100', 1, '0.000', 0, '1.000', '1.000', '50.000', 0, 0),
(489, '2019-04-24', '28', '5', '1', '36.850', '2.375', '0.225', '2', 'B', '0.260', '1', '0.000', 0, '0.000', 0, '0.000', '0.000', '0.000', 0, 0),
(490, '2019-04-24', '30', '4', '1', '30.325', '1.525', '0.400', '2', 'B', '0.260', '1', '0.000', 0, '0.000', 0, '0.000', '0.000', '0.000', 0, 0),
(491, '2019-04-24', '12', '6', '1', '37.000', '1.375', '0.075', '2', 'B', '0.260', '1', '15.000', 0, '0.000', 0, '0.000', '0.000', '0.000', 0, 0),
(492, '2019-04-24', '18', '5', '1', '40.625', '1.850', '0.250', '2', 'B', '0.260', '1', '0.000', 0, '0.000', 0, '0.000', '0.000', '0.000', 0, 0),
(493, '2019-04-24', '15', '4', '1', '30.850', '1.800', '0.775', '2', 'B', '0.260', '1', '15.000', 0, '0.000', 0, '0.000', '0.000', '0.000', 0, 0),
(494, '2019-04-24', '2', '5', '1', '25.450', '1.150', '0.150', '2', 'B', '0.260', '1', '0.000', 0, '0.000', 0, '0.000', '0.000', '0.000', 0, 0),
(495, '2019-04-24', '33', '6', '1', '6.575', '0.125', '0.000', '2', 'B', '0.260', '1', '0.000', 0, '0.000', 0, '0.000', '0.000', '0.000', 0, 0),
(496, '2019-04-24', '14', '2', '1', '21.300', '0.900', '0.150', '2', 'B', '0.260', '1', '0.000', 0, '62.600', 2, '0.000', '0.000', '0.000', 0, 0),
(497, '2019-04-24', '29', '4', '1', '20.200', '1.550', '0.250', '2', 'B', '0.260', '1', '0.000', 0, '0.000', 0, '0.000', '0.000', '0.000', 0, 0),
(498, '2019-04-24', '13', '6', '1', '33.025', '1.950', '0.000', '2', 'B', '0.260', '1', '0.000', 0, '29.100', 1, '0.000', '0.000', '0.000', 0, 0),
(499, '2019-04-24', '26', '3', '1', '23.900', '0.975', '0.150', '2', 'B', '0.260', '1', '0.000', 0, '0.000', 0, '0.000', '0.000', '0.000', 0, 0),
(500, '2019-04-24', '17', '5', '1', '29.700', '2.600', '0.225', '2', 'B', '0.260', '1', '15.000', 0, '70.700', 2, '1.000', '1.000', '0.000', 0, 0),
(501, '2019-04-24', '5', '2', '1', '13.250', '0.850', '0.100', '2', 'B', '0.260', '1', '0.000', 0, '62.400', 2, '0.000', '0.000', '0.000', 0, 0),
(503, '2019-04-24', '3', '1', '4', '3.480', '0.027', '0.000', '4', 'B', '0.260', '4', '0.000', 0, '0.000', 0, '0.000', '0.000', '0.000', 0, 0),
(504, '2019-04-24', '20', '1', '4', '2.440', '0.000', '0.000', '4', 'B', '0.260', '4', '0.000', 0, '0.000', 0, '0.000', '0.000', '0.000', 0, 0),
(505, '2019-04-24', '16', '3', '4', '4.640', '0.027', '0.000', '4', 'B', '0.260', '4', '0.000', 0, '0.000', 0, '0.000', '0.000', '0.000', 0, 0),
(506, '2019-04-24', '4', '1', '4', '2.620', '0.009', '0.000', '4', 'B', '0.260', '4', '0.000', 0, '0.000', 0, '0.000', '0.000', '0.000', 0, 0),
(507, '2019-04-24', '2', '1', '1', '4.780', '0.081', '0.000', '4', 'B', '0.260', '1', '0.000', 0, '0.000', 0, '0.000', '0.000', '0.000', 0, 0),
(508, '2019-04-24', '28', '1', '4', '5.520', '0.072', '0.000', '4', 'B', '0.260', '4', '0.000', 0, '0.000', 0, '0.000', '0.000', '0.000', 0, 0),
(509, '2019-04-24', '18', '1', '4', '4.420', '0.018', '0.000', '4', 'B', '0.260', '4', '0.000', 0, '0.000', 0, '0.000', '0.000', '0.000', 0, 0),
(510, '2019-04-24', '15', '1', '4', '4.000', '0.018', '0.000', '4', 'B', '0.260', '4', '0.000', 0, '0.000', 0, '0.000', '0.000', '0.000', 0, 0),
(511, '2019-04-24', '14', '1', '4', '11.620', '0.018', '0.000', '4', 'B', '0.260', '4', '0.000', 0, '0.000', 0, '0.000', '0.000', '0.000', 0, 0),
(512, '2019-04-24', '27', '5', '1', '5.625', '0.150', '0.000', '2', 'B', '0.260', '1', '5.000', 0, '0.000', 0, '0.000', '0.000', '0.000', 0, 0),
(513, '2019-04-24', '35', '1', '4', '0.000', '24.192', '0.000', '4', 'B', '0.260', '4', '0.000', 0, '0.000', 0, '0.000', '0.000', '0.000', 0, 0),
(514, '2019-04-25', '19', '5', '1', '36.350', '2.075', '0.225', '2', 'B', '0.260', '1', '0.000', 0, '0.000', 0, '0.000', '0.000', '0.000', 0, 0),
(515, '2019-04-25', '20', '2', '1', '29.250', '1.750', '0.300', '2', 'B', '0.260', '1', '0.000', 0, '0.000', 0, '0.000', '0.000', '0.000', 0, 0),
(516, '2019-04-25', '6', '6', '1', '18.800', '0.550', '0.000', '2', 'B', '0.260', '1', '0.000', 0, '32.900', 1, '1.000', '1.000', '0.000', 0, 0),
(517, '2019-04-25', '7', '4', '1', '29.550', '1.250', '0.425', '2', 'B', '0.260', '1', '0.000', 0, '245.600', 7, '0.000', '0.000', '0.000', 0, 0),
(518, '2019-04-25', '11', '5', '1', '23.700', '0.650', '0.225', '2', 'B', '0.260', '1', '0.000', 0, '0.000', 0, '0.000', '0.000', '0.000', 0, 0),
(519, '2019-04-25', '10', '3', '1', '34.025', '1.675', '0.175', '2', 'B', '0.260', '1', '0.000', 0, '63.000', 2, '0.000', '0.000', '10.000', 0, 0),
(520, '2019-04-25', '15', '3', '1', '36.675', '2.225', '0.250', '2', 'B', '0.260', '1', '32.400', 1, '68.900', 2, '1.000', '1.000', '50.000', 0, 0),
(521, '2019-04-25', '40', '6', '1', '25.375', '1.725', '0.500', '2', 'B', '0.260', '1', '0.000', 0, '0.000', 0, '0.000', '0.000', '0.000', 0, 0),
(522, '2019-04-25', '28', '2', '1', '32.225', '1.425', '0.225', '2', 'B', '0.260', '1', '34.200', 1, '0.000', 0, '1.000', '1.000', '50.000', 0, 0),
(523, '2019-04-25', '13', '6', '1', '24.000', '0.925', '0.100', '2', 'B', '0.260', '1', '0.000', 0, '0.000', 0, '0.000', '0.000', '0.000', 0, 0),
(524, '2019-04-25', '17', '5', '1', '28.100', '3.500', '0.300', '2', 'B', '0.260', '1', '15.000', 0, '0.000', 0, '0.000', '0.000', '0.000', 0, 0),
(525, '2019-04-25', '26', '2', '1', '28.750', '1.225', '0.150', '2', 'B', '0.260', '1', '15.000', 0, '0.000', 0, '1.000', '1.000', '0.000', 0, 0),
(526, '2019-04-25', '18', '2', '1', '20.500', '1.475', '0.250', '2', 'B', '0.260', '1', '15.000', 0, '0.000', 0, '1.000', '0.000', '50.000', 0, 0),
(527, '2019-04-25', '20', '1', '4', '4.200', '0.063', '0.000', '4', 'B', '0.260', '4', '0.000', 0, '0.000', 0, '0.000', '0.000', '0.000', 0, 0),
(528, '2019-04-25', '19', '6', '4', '11.860', '0.063', '0.000', '4', 'B', '0.260', '4', '0.000', 0, '0.000', 0, '0.000', '0.000', '0.000', 0, 0),
(529, '2019-04-25', '6', '1', '4', '1.940', '0.000', '0.000', '4', 'B', '0.260', '4', '0.000', 0, '0.000', 0, '0.000', '0.000', '0.000', 0, 0),
(530, '2019-04-25', '7', '5', '4', '2.820', '0.009', '0.000', '4', 'B', '0.260', '4', '0.000', 0, '0.000', 0, '0.000', '0.000', '0.000', 0, 0),
(531, '2019-04-25', '10', '1', '4', '2.000', '0.000', '0.000', '4', 'B', '0.260', '4', '0.000', 0, '0.000', 0, '0.000', '0.000', '0.000', 0, 0),
(532, '2019-04-25', '15', '1', '4', '1.420', '0.009', '0.000', '4', 'B', '0.260', '4', '0.000', 0, '0.000', 0, '0.000', '0.000', '0.000', 0, 0),
(533, '2019-04-25', '28', '1', '1', '1.580', '0.018', '0.000', '4', 'B', '0.260', '1', '0.000', 0, '0.000', 0, '0.000', '0.000', '0.000', 0, 0),
(534, '2019-04-25', '40', '1', '4', '2.320', '0.027', '0.000', '4', 'B', '0.260', '4', '0.000', 0, '0.000', 0, '0.000', '0.000', '0.000', 0, 0),
(535, '2019-04-25', '11', '1', '4', '2.860', '0.036', '0.000', '4', 'B', '0.260', '4', '0.000', 0, '0.000', 0, '0.000', '0.000', '0.000', 0, 0),
(536, '2019-04-25', '18', '1', '4', '1.180', '0.009', '0.000', '4', 'B', '0.260', '4', '0.000', 0, '0.000', 0, '0.000', '0.000', '0.000', 0, 0),
(537, '2019-04-25', '35', '1', '4', '171.600', '0.000', '0.000', '5', 'B', '0.260', '4', '0.000', 0, '0.000', 0, '0.000', '0.000', '0.000', 0, 0),
(538, '2019-04-26', '3', '3', '1', '32.475', '1.950', '0.150', '2', 'B', '0.260', '1', '0.000', 0, '0.000', 0, '0.000', '0.000', '0.000', 0, 0),
(539, '2019-04-26', '12', '6', '1', '33.725', '1.400', '0.125', '2', 'B', '0.260', '1', '0.000', 0, '0.000', 0, '0.000', '0.000', '0.000', 0, 0),
(540, '2019-04-26', '16', '6', '1', '30.275', '1.050', '0.150', '2', 'B', '0.260', '1', '0.000', 0, '0.000', 0, '0.000', '0.000', '0.000', 0, 0),
(541, '2019-04-26', '4', '5', '1', '36.200', '1.400', '0.225', '2', 'B', '0.260', '1', '0.000', 0, '209.500', 6, '0.000', '0.000', '0.000', 0, 0),
(542, '2019-04-26', '19', '2', '1', '29.675', '2.200', '0.225', '2', 'B', '0.260', '1', '0.000', 0, '0.000', 0, '0.000', '0.000', '0.000', 0, 0),
(543, '2019-04-26', '31', '4', '1', '26.100', '1.850', '0.475', '2', 'B', '0.260', '1', '0.000', 0, '0.000', 0, '0.000', '0.000', '0.000', 25, 0),
(544, '2019-04-26', '18', '6', '1', '25.700', '1.975', '0.275', '2', 'B', '0.260', '1', '0.000', 0, '0.000', 0, '0.000', '0.000', '0.000', 0, 0),
(545, '2019-04-26', '17', '5', '1', '31.075', '2.775', '0.225', '2', 'B', '0.260', '1', '15.000', 0, '0.000', 0, '1.000', '0.000', '0.000', 0, 0),
(546, '2019-04-26', '33', '1', '4', '5.975', '0.150', '0.000', '4', 'B', '0.260', '4', '5.000', 0, '0.000', 0, '0.000', '0.000', '20.000', 0, 0),
(547, '2019-04-26', '3', '1', '4', '1.440', '0.018', '0.000', '4', 'B', '0.260', '4', '0.000', 0, '0.000', 0, '0.000', '0.000', '0.000', 0, 0),
(548, '2019-04-26', '19', '1', '4', '12.400', '0.063', '0.000', '4', 'B', '0.260', '4', '0.000', 0, '0.000', 0, '0.000', '0.000', '0.000', 0, 0),
(549, '2019-04-26', '16', '1', '4', '3.100', '0.027', '0.000', '4', 'B', '0.260', '4', '0.000', 0, '0.000', 0, '0.000', '0.000', '0.000', 0, 0),
(550, '2019-04-26', '18', '1', '4', '1.340', '0.000', '0.000', '4', 'B', '0.260', '4', '0.000', 0, '0.000', 0, '0.000', '0.000', '0.000', 0, 0),
(551, '2019-04-26', '4', '1', '4', '3.400', '0.027', '0.000', '4', 'B', '0.260', '4', '0.000', 0, '0.000', 0, '0.000', '0.000', '0.000', 0, 0),
(552, '2019-04-26', '35', '1', '4', '286.000', '37.260', '0.000', '5', 'B', '0.260', '4', '0.000', 0, '0.000', 0, '0.000', '0.000', '0.000', 0, 0),
(553, '2019-04-27', '7', '5', '1', '37.275', '1.725', '0.300', '2', 'B', '0.260', '1', '38.700', 1, '0.000', 0, '1.000', '1.000', '0.000', 0, 0),
(554, '2019-04-27', '20', '2', '1', '29.500', '1.200', '0.150', '2', 'B', '0.260', '1', '0.000', 0, '0.000', 0, '0.000', '0.000', '0.000', 0, 0),
(555, '2019-04-27', '2', '2', '1', '50.175', '2.600', '0.325', '2', 'B', '0.260', '1', '0.000', 0, '0.000', 0, '0.000', '0.000', '0.000', 0, 0),
(556, '2019-04-27', '19', '3', '1', '24.350', '1.725', '0.225', '2', 'B', '0.260', '1', '35.500', 1, '0.000', 0, '0.000', '0.000', '0.000', 0, 0),
(557, '2019-05-09', '13', '6', '1', '46.300', '1.850', '0.250', '2', 'B', '0.260', '1', '0.000', 0, '65.800', 2, '0.000', '0.000', '0.000', 0, 0),
(558, '2019-05-09', '19', '5', '1', '35.950', '1.725', '0.700', '2', 'B', '0.260', '1', '38.500', 1, '0.000', 0, '0.000', '0.000', '0.000', 0, 0),
(559, '2019-05-09', '4', '3', '1', '34.150', '1.475', '0.325', '2', 'B', '0.260', '1', '34.400', 1, '0.000', 0, '1.000', '1.000', '0.000', 0, 0),
(560, '2019-05-09', '12', '2', '1', '30.800', '1.250', '0.300', '2', 'B', '0.260', '1', '35.000', 1, '0.000', 0, '1.000', '1.000', '0.000', 0, 0),
(561, '2019-05-09', '14', '4', '1', '28.950', '1.100', '0.325', '2', 'B', '0.260', '1', '0.000', 0, '0.000', 0, '0.000', '0.000', '0.000', 0, 0),
(562, '2019-05-09', '40', '6', '1', '39.150', '2.300', '0.600', '2', 'B', '0.260', '1', '0.000', 0, '0.000', 0, '0.000', '0.000', '0.000', 0, 0),
(563, '2019-05-09', '6', '2', '1', '13.100', '0.525', '0.000', '2', 'B', '0.260', '1', '0.000', 0, '27.100', 1, '0.000', '0.000', '0.000', 0, 0),
(564, '2019-05-09', '18', '4', '1', '54.750', '2.600', '1.400', '2', 'B', '0.260', '1', '0.000', 0, '0.000', 0, '0.000', '0.000', '0.000', 0, 0),
(565, '2019-05-09', '26', '5', '1', '28.425', '1.550', '0.550', '2', 'B', '0.260', '1', '33.600', 0, '0.000', 0, '0.000', '1.000', '0.000', 0, 0),
(566, '2019-05-09', '17', '5', '1', '32.575', '2.075', '0.225', '2', 'B', '0.260', '1', '15.000', 0, '0.000', 0, '1.000', '1.000', '0.000', 0, 0),
(567, '2019-05-09', '11', '6', '1', '24.625', '1.000', '0.250', '2', 'B', '0.260', '1', '20.000', 0, '0.000', 0, '0.000', '1.000', '0.000', 0, 0),
(568, '2019-05-09', '10', '6', '1', '28.125', '1.875', '0.450', '2', 'B', '0.260', '1', '0.000', 0, '0.000', 0, '0.000', '0.000', '0.000', 0, 0),
(569, '2019-05-09', '28', '4', '1', '24.475', '1.000', '0.300', '2', 'B', '0.260', '1', '0.000', 0, '0.000', 0, '0.000', '0.000', '0.000', 0, 0),
(570, '2019-05-09', '19', '1', '4', '19.160', '0.072', '0.000', '4', 'B', '0.260', '4', '0.000', 0, '0.000', 0, '0.000', '0.000', '0.000', 0, 0),
(571, '2019-05-09', '33', '1', '4', '5.020', '0.009', '0.000', '4', 'B', '0.260', '4', '6.000', 0, '0.000', 0, '0.000', '0.000', '20.000', 0, 0),
(572, '2019-05-09', '14', '1', '4', '6.800', '0.000', '0.000', '4', 'B', '0.260', '4', '0.000', 0, '0.000', 0, '0.000', '0.000', '0.000', 0, 0),
(573, '2019-05-09', '12', '1', '4', '2.700', '0.000', '0.000', '4', 'B', '0.260', '4', '0.000', 0, '0.000', 0, '0.000', '0.000', '0.000', 0, 0),
(574, '2019-05-09', '40', '1', '4', '0.960', '0.000', '0.000', '4', 'B', '0.260', '4', '0.000', 0, '0.000', 0, '0.000', '0.000', '0.000', 0, 0),
(575, '2019-05-09', '18', '1', '4', '7.780', '0.000', '0.000', '4', 'B', '0.260', '4', '0.000', 0, '0.000', 0, '0.000', '0.000', '0.000', 0, 0),
(576, '2019-05-09', '27', '2', '1', '4.800', '0.125', '0.000', '2', 'B', '0.260', '1', '0.000', 0, '13.000', 0, '0.000', '0.000', '0.000', 0, 0),
(577, '2019-05-09', '35', '1', '4', '229.645', '0.000', '0.000', '5', 'B', '0.260', '4', '0.000', 0, '0.000', 0, '0.000', '0.000', '0.000', 0, 0),
(582, '2019-05-10', '7', '5', '1', '39.300', '1.300', '1.000', '2', 'B', '0.260', '1', '0.000', 0, '0.000', 0, '0.000', '0.000', '0.000', 0, 0),
(583, '2019-05-10', '16', '6', '1', '34.525', '1.650', '0.450', '2', 'B', '0.240', '1', '40.400', 1, '0.000', 0, '1.000', '0.000', '0.000', 0, 0),
(584, '2019-05-10', '8', '3', '2', '31.500', '1.675', '0.225', '2', 'B', '0.260', '2', '14.000', 0, '58.200', 2, '1.000', '1.000', '0.000', 0, 0),
(585, '2019-05-10', '18', '6', '1', '18.650', '1.375', '0.925', '2', 'B', '0.260', '1', '40.800', 1, '0.000', 0, '1.000', '1.000', '30.000', 0, 0),
(586, '2019-05-10', '15', '4', '1', '29.050', '1.425', '0.300', '2', 'B', '0.260', '1', '38.800', 1, '0.000', 0, '2.000', '1.000', '30.000', 0, 0),
(587, '2019-05-10', '17', '4', '1', '26.725', '1.675', '0.225', '2', 'B', '0.260', '1', '0.000', 0, '34.800', 1, '0.000', '0.000', '0.000', 0, 0),
(588, '2019-05-10', '19', '1', '4', '12.240', '0.072', '0.000', '4', 'B', '0.260', '4', '0.000', 0, '0.000', 0, '0.000', '0.000', '0.000', 0, 0),
(589, '2019-05-10', '3', '1', '4', '6.840', '0.018', '0.000', '4', 'B', '0.260', '4', '0.000', 0, '0.000', 0, '0.000', '0.000', '0.000', 0, 0),
(590, '2019-05-10', '2', '1', '4', '2.980', '0.018', '0.000', '4', 'B', '0.260', '4', '0.000', 0, '0.000', 0, '0.000', '0.000', '0.000', 0, 0),
(591, '2019-05-10', '20', '1', '4', '7.480', '0.045', '0.000', '4', 'B', '0.260', '4', '0.000', 0, '0.000', 0, '0.000', '0.000', '0.000', 0, 0),
(592, '2019-05-10', '7', '1', '4', '11.960', '0.072', '0.000', '4', 'B', '0.260', '4', '0.000', 0, '0.000', 0, '0.000', '0.000', '0.000', 0, 0),
(593, '2019-05-10', '16', '1', '4', '4.800', '0.036', '0.000', '4', 'B', '0.260', '4', '0.000', 0, '0.000', 0, '0.000', '0.000', '0.000', 0, 0),
(594, '2019-05-10', '18', '1', '4', '6.960', '0.027', '0.000', '4', 'B', '0.260', '4', '0.000', 0, '0.000', 0, '0.000', '0.000', '0.000', 0, 0),
(595, '2019-05-10', '15', '1', '4', '6.220', '0.027', '0.000', '4', 'B', '0.260', '4', '0.000', 0, '0.000', 0, '0.000', '0.000', '0.000', 0, 0),
(596, '2019-05-10', '35', '1', '4', '344.422', '0.000', '0.000', '5', 'B', '0.260', '4', '0.000', 0, '0.000', 0, '0.000', '0.000', '0.000', 0, 0),
(597, '2019-05-11', '13', '6', '1', '50.050', '2.675', '0.525', '2', 'B', '0.260', '1', '0.000', 0, '0.000', 0, '0.000', '0.000', '0.000', 0, 0),
(598, '2019-05-11', '19', '5', '1', '32.000', '1.525', '0.900', '2', 'B', '0.260', '1', '0.000', 0, '0.000', 0, '5.000', '2.000', '0.000', 0, 0),
(599, '2019-05-11', '4', '2', '1', '41.375', '1.625', '0.375', '2', 'B', '0.260', '1', '0.000', 0, '0.000', 0, '0.000', '0.000', '0.000', 0, 0),
(600, '2019-05-11', '20', '6', '1', '29.700', '1.700', '0.525', '2', 'B', '0.260', '1', '0.000', 0, '0.000', 0, '0.000', '0.000', '0.000', 0, 0),
(601, '2019-05-11', '7', '4', '1', '23.650', '1.150', '0.600', '2', 'B', '0.260', '1', '40.200', 1, '280.000', 8, '2.000', '1.000', '20.000', 0, 0),
(602, '2019-05-11', '3', '6', '1', '23.250', '1.250', '0.450', '2', 'B', '0.260', '1', '35.600', 1, '0.000', 0, '1.000', '0.000', '50.000', 0, 0),
(603, '2019-05-11', '14', '5', '1', '25.550', '0.975', '0.425', '2', 'B', '0.260', '1', '0.000', 0, '0.000', 0, '0.000', '0.000', '0.000', 0, 0),
(604, '2019-05-11', '16', '5', '1', '24.850', '1.075', '0.375', '2', 'B', '0.260', '1', '0.000', 0, '0.000', 0, '0.000', '0.000', '0.000', 0, 0),
(605, '2019-05-11', '12', '6', '1', '44.500', '1.775', '0.375', '2', 'B', '0.260', '1', '0.000', 0, '67.600', 2, '0.000', '0.000', '0.000', 0, 0),
(606, '2019-05-11', '31', '4', '1', '17.050', '0.800', '0.450', '2', 'B', '0.248', '1', '0.000', 0, '0.000', 0, '0.000', '0.000', '0.000', 0, 0),
(607, '2019-05-11', '18', '3', '1', '28.550', '2.325', '0.600', '2', 'B', '0.260', '1', '0.000', 0, '0.000', 0, '0.000', '0.000', '0.000', 0, 0),
(608, '2019-05-11', '15', '5', '1', '19.175', '1.625', '0.450', '2', 'B', '0.260', '1', '0.000', 0, '0.000', 0, '0.000', '0.000', '0.000', 0, 0),
(609, '2019-05-11', '10', '2', '1', '25.900', '1.850', '0.400', '2', 'B', '0.260', '1', '0.000', 0, '69.000', 2, '1.000', '0.000', '0.000', 0, 0),
(610, '2019-05-11', '11', '5', '1', '26.000', '0.725', '0.300', '2', 'B', '0.260', '1', '0.000', 0, '31.700', 1, '0.000', '0.000', '0.000', 0, 0),
(611, '2019-05-11', '28', '3', '1', '26.775', '1.550', '0.475', '2', 'B', '0.260', '1', '0.000', 0, '164.600', 5, '0.000', '0.000', '0.000', 0, 0),
(612, '2019-05-11', '29', '5', '1', '20.775', '0.975', '0.400', '2', 'B', '0.260', '1', '0.000', 0, '0.000', 0, '0.000', '0.000', '0.000', 0, 0),
(613, '2019-05-11', '40', '2', '1', '35.050', '2.500', '0.525', '2', 'B', '0.260', '1', '0.000', 0, '115.800', 4, '0.000', '0.000', '0.000', 0, 0),
(614, '2019-05-11', '5', '5', '1', '15.450', '0.400', '0.225', '2', 'B', '0.260', '1', '0.000', 0, '0.000', 0, '0.000', '0.000', '0.000', 0, 0),
(615, '2019-05-11', '17', '2', '1', '20.350', '1.175', '0.225', '2', 'B', '0.260', '1', '35.100', 1, '0.000', 0, '1.000', '0.000', '0.000', 0, 0),
(616, '2019-05-11', '19', '1', '4', '24.040', '0.108', '0.000', '4', 'B', '0.260', '4', '0.000', 0, '0.000', 0, '0.000', '0.000', '0.000', 0, 0),
(617, '2019-05-11', '3', '1', '4', '3.640', '0.036', '0.000', '4', 'B', '0.260', '4', '0.000', 0, '0.000', 0, '0.000', '0.000', '0.000', 0, 0),
(618, '2019-05-11', '33', '1', '4', '6.960', '0.036', '0.000', '4', 'B', '0.260', '4', '0.000', 0, '32.000', 1, '0.000', '0.000', '0.000', 0, 0),
(619, '2019-05-11', '7', '1', '4', '4.640', '0.036', '0.000', '4', 'B', '0.260', '4', '0.000', 0, '0.000', 0, '0.000', '0.000', '0.000', 0, 0),
(620, '2019-05-11', '20', '1', '4', '8.400', '0.045', '0.000', '4', 'B', '0.260', '4', '0.000', 0, '0.000', 0, '0.000', '0.000', '0.000', 0, 0),
(621, '2019-05-11', '4', '1', '4', '1.620', '0.000', '0.000', '4', 'B', '0.260', '4', '0.000', 0, '0.000', 0, '0.000', '0.000', '0.000', 0, 0),
(622, '2019-05-11', '16', '1', '4', '1.900', '0.009', '0.000', '4', 'B', '0.260', '4', '0.000', 0, '0.000', 0, '0.000', '0.000', '0.000', 0, 0),
(623, '2019-05-11', '14', '1', '4', '6.620', '0.036', '0.000', '4', 'B', '0.260', '4', '0.000', 0, '0.000', 0, '0.000', '0.000', '0.000', 0, 0),
(624, '2019-05-11', '12', '1', '4', '4.280', '0.009', '0.000', '4', 'B', '0.260', '4', '0.000', 0, '0.000', 0, '0.000', '0.000', '0.000', 0, 0),
(625, '2019-05-11', '40', '1', '4', '1.180', '0.000', '0.000', '4', 'B', '0.260', '4', '0.000', 0, '0.000', 0, '0.000', '0.000', '0.000', 0, 0),
(626, '2019-05-11', '18', '1', '4', '4.040', '0.036', '0.000', '4', 'B', '0.260', '4', '0.000', 0, '0.000', 0, '0.000', '0.000', '0.000', 0, 0),
(627, '2019-05-11', '15', '1', '4', '7.340', '0.000', '0.000', '4', 'B', '0.260', '4', '0.000', 0, '0.000', 0, '0.000', '0.000', '0.000', 0, 0),
(628, '2019-05-11', '28', '1', '4', '5.900', '0.000', '0.000', '4', 'B', '0.260', '4', '0.000', 0, '0.000', 0, '0.000', '0.000', '0.000', 0, 0),
(629, '2019-05-11', '10', '1', '4', '0.720', '0.000', '0.000', '4', 'B', '0.260', '4', '0.000', 0, '0.000', 0, '0.000', '0.000', '0.000', 0, 0),
(630, '2019-05-11', '35', '1', '4', '171.574', '0.000', '0.000', '5', 'B', '0.260', '4', '0.000', 0, '0.000', 0, '0.000', '0.000', '0.000', 0, 0),
(631, '2019-05-11', '36', '1', '4', '0.000', '23.904', '0.000', '5', 'B', '0.260', '4', '0.000', 0, '0.000', 0, '0.000', '0.000', '0.000', 0, 0),
(632, '2019-05-13', '7', '3', '1', '41.325', '1.500', '0.975', '2', 'B', '0.260', '1', '0.000', 0, '0.000', 0, '0.000', '0.000', '0.000', 0, 0),
(633, '2019-05-13', '20', '6', '1', '33.725', '1.625', '0.550', '2', 'B', '0.260', '1', '0.000', 0, '0.000', 0, '0.000', '0.000', '0.000', 0, 0),
(634, '2019-05-13', '3', '5', '1', '33.900', '2.075', '0.400', '2', 'B', '0.260', '1', '0.000', 0, '0.000', 0, '0.000', '0.000', '0.000', 0, 0),
(635, '2019-05-13', '4', '2', '1', '33.975', '1.200', '0.300', '2', 'B', '0.260', '1', '0.000', 0, '0.000', 0, '0.000', '0.000', '0.000', 0, 0),
(636, '2019-05-13', '16', '6', '1', '41.800', '1.800', '0.675', '2', 'B', '0.260', '1', '0.000', 0, '0.000', 0, '0.000', '0.000', '0.000', 0, 0),
(637, '2019-05-13', '30', '6', '1', '29.850', '1.500', '0.600', '2', 'B', '0.260', '1', '34.700', 1, '0.000', 0, '1.000', '0.000', '0.000', 0, 0),
(638, '2019-05-13', '12', '3', '1', '30.175', '1.325', '0.250', '2', 'B', '0.260', '1', '0.000', 0, '0.000', 0, '0.000', '0.000', '0.000', 0, 0),
(639, '2019-05-13', '19', '4', '1', '25.050', '1.075', '0.600', '2', 'B', '0.260', '1', '40.900', 1, '0.000', 0, '0.000', '0.000', '100.000', 0, 0),
(640, '2019-05-13', '2', '5', '1', '46.450', '2.875', '0.525', '2', 'B', '0.260', '1', '33.000', 1, '258.100', 8, '1.000', '0.000', '0.000', 0, 0),
(641, '2019-05-13', '18', '2', '1', '35.575', '2.175', '0.575', '2', 'B', '0.260', '1', '0.000', 0, '0.000', 0, '0.000', '0.000', '0.000', 0, 0),
(642, '2019-05-13', '6', '5', '1', '23.525', '1.100', '0.175', '2', 'B', '0.260', '1', '20.000', 0, '40.900', 1, '0.000', '0.000', '0.000', 0, 0),
(643, '2019-05-13', '15', '2', '1', '42.650', '3.025', '0.325', '2', 'B', '0.260', '1', '0.000', 0, '62.100', 2, '0.000', '0.000', '0.000', 0, 0),
(644, '2019-05-13', '10', '6', '1', '28.225', '1.825', '0.300', '2', 'B', '0.260', '1', '20.000', 0, '0.000', 0, '0.000', '0.000', '0.000', 0, 0),
(645, '2019-05-13', '29', '3', '1', '20.175', '1.325', '0.425', '2', 'B', '0.260', '1', '0.000', 0, '0.000', 0, '0.000', '0.000', '0.000', 0, 0),
(646, '2019-05-13', '40', '6', '1', '28.575', '1.900', '0.325', '2', 'B', '0.260', '1', '36.400', 1, '0.000', 0, '1.000', '1.000', '0.000', 0, 0),
(647, '2019-05-13', '17', '3', '1', '4.775', '0.500', '0.000', '2', 'B', '0.260', '1', '0.000', 0, '0.000', 0, '0.000', '0.000', '0.000', 0, 0),
(648, '2019-05-13', '33', '1', '4', '5.120', '0.018', '0.000', '4', 'B', '0.260', '4', '0.000', 0, '0.000', 0, '0.000', '0.000', '0.000', 0, 0),
(649, '2019-05-13', '20', '1', '4', '6.920', '0.027', '0.000', '4', 'B', '0.260', '4', '0.000', 0, '0.000', 0, '0.000', '0.000', '0.000', 0, 0),
(650, '2019-05-13', '7', '1', '4', '13.360', '0.063', '0.000', '4', 'B', '0.260', '4', '0.000', 0, '0.000', 0, '0.000', '0.000', '0.000', 0, 0),
(651, '2019-05-13', '3', '1', '4', '6.280', '0.045', '0.000', '4', 'B', '0.260', '4', '0.000', 0, '0.000', 0, '0.000', '0.000', '0.000', 0, 0),
(652, '2019-05-13', '4', '1', '4', '1.140', '0.000', '0.000', '4', 'B', '0.260', '4', '0.000', 0, '0.000', 0, '0.000', '0.000', '0.000', 0, 0),
(653, '2019-05-13', '2', '1', '4', '5.740', '0.000', '0.000', '4', 'B', '0.260', '4', '0.000', 0, '0.000', 0, '0.000', '0.000', '0.000', 0, 0),
(654, '2019-05-13', '19', '1', '4', '22.140', '0.054', '0.000', '4', 'B', '0.260', '4', '0.000', 0, '0.000', 0, '0.000', '0.000', '0.000', 0, 0),
(655, '2019-05-13', '6', '1', '4', '2.180', '0.000', '0.000', '4', 'B', '0.260', '4', '0.000', 0, '0.000', 0, '0.000', '0.000', '0.000', 0, 0),
(656, '2019-05-13', '16', '1', '4', '3.640', '0.036', '0.000', '4', 'B', '0.260', '4', '0.000', 0, '0.000', 0, '0.000', '0.000', '0.000', 0, 0),
(657, '2019-05-13', '15', '1', '4', '5.640', '0.036', '0.000', '4', 'B', '0.260', '4', '0.000', 0, '0.000', 0, '0.000', '0.000', '0.000', 0, 0),
(658, '2019-05-13', '12', '1', '4', '5.020', '0.054', '0.000', '4', 'B', '0.260', '4', '0.000', 0, '0.000', 0, '0.000', '0.000', '0.000', 0, 0),
(659, '2019-05-13', '18', '1', '4', '5.140', '0.072', '0.000', '4', 'B', '0.260', '4', '0.000', 0, '0.000', 0, '0.000', '0.000', '0.000', 0, 0),
(660, '2019-05-13', '28', '1', '4', '9.075', '1.475', '0.000', '4', 'B', '0.260', '4', '0.000', 0, '0.000', 0, '0.000', '0.000', '0.000', 0, 0),
(661, '2019-05-13', '35', '1', '4', '111.371', '0.000', '0.000', '5', 'B', '0.260', '4', '0.000', 0, '0.000', 0, '0.000', '0.000', '0.000', 0, 0),
(662, '2019-05-15', '7', '3', '1', '42.225', '1.500', '1.000', '2', 'B', '0.260', '1', '0.000', 0, '0.000', 0, '0.000', '0.000', '0.000', 0, 0),
(663, '2019-05-15', '8', '5', '1', '23.825', '1.075', '0.250', '2', 'B', '0.248', '1', '0.000', 0, '0.000', 0, '0.000', '0.000', '0.000', 0, 0),
(664, '2019-05-15', '26', '6', '1', '55.350', '2.175', '0.625', '2', 'B', '0.260', '1', '0.000', 0, '143.000', 4, '0.000', '0.000', '0.000', 0, 0),
(665, '2019-05-15', '19', '6', '1', '42.925', '1.500', '1.000', '2', 'B', '0.260', '1', '0.000', 0, '0.000', 0, '0.000', '0.000', '0.000', 0, 0),
(666, '2019-05-15', '20', '2', '1', '33.025', '1.300', '0.325', '2', 'B', '0.260', '1', '0.000', 0, '0.000', 0, '0.000', '0.000', '0.000', 0, 0),
(667, '2019-05-15', '4', '4', '1', '39.025', '1.825', '0.450', '2', 'B', '0.260', '1', '36.200', 1, '193.700', 6, '2.000', '1.000', '20.000', 0, 0),
(668, '2019-05-15', '13', '5', '1', '43.125', '1.825', '0.825', '2', 'B', '0.260', '1', '38.800', 1, '55.300', 2, '1.000', '1.000', '0.000', 0, 0),
(669, '2019-05-15', '16', '2', '1', '31.875', '1.350', '0.475', '2', 'B', '0.260', '1', '0.000', 0, '0.000', 0, '0.000', '0.000', '0.000', 0, 0),
(670, '2019-05-15', '28', '6', '1', '38.825', '2.500', '0.600', '2', 'B', '0.260', '1', '34.000', 1, '0.000', 0, '1.000', '1.000', '30.000', 0, 0),
(671, '2019-05-15', '18', '4', '1', '32.350', '3.500', '0.475', '2', 'B', '0.260', '1', '0.000', 0, '0.000', 0, '0.000', '0.000', '0.000', 0, 0),
(672, '2019-05-15', '3', '5', '1', '18.750', '0.750', '0.325', '2', 'B', '0.260', '1', '0.000', 0, '0.000', 0, '0.000', '0.000', '0.000', 0, 0),
(673, '2019-05-15', '11', '2', '1', '27.175', '1.325', '0.325', '2', 'B', '0.260', '1', '39.000', 1, '0.000', 0, '1.000', '0.000', '0.000', 0, 0),
(674, '2019-05-15', '10', '2', '1', '35.750', '2.700', '0.450', '2', 'B', '0.260', '1', '0.000', 0, '0.000', 0, '0.000', '0.000', '0.000', 0, 0),
(675, '2019-05-15', '12', '6', '1', '32.900', '1.575', '0.225', '2', 'B', '0.260', '1', '36.500', 1, '64.100', 2, '1.000', '1.000', '0.000', 0, 0),
(676, '2019-05-15', '2', '5', '1', '33.100', '1.450', '0.600', '2', 'B', '0.260', '1', '0.000', 0, '0.000', 0, '0.000', '0.000', '0.000', 0, 0),
(677, '2019-05-15', '14', '3', '1', '23.175', '1.300', '0.250', '2', 'B', '0.260', '1', '38.400', 1, '68.000', 2, '1.000', '0.000', '0.000', 0, 0),
(678, '2019-05-15', '40', '6', '1', '22.625', '1.075', '0.325', '2', 'B', '0.260', '1', '0.000', 0, '0.000', 0, '0.000', '0.000', '0.000', 0, 0),
(679, '2019-05-15', '17', '5', '1', '38.550', '2.325', '0.450', '2', 'B', '0.260', '1', '34.500', 1, '73.700', 2, '1.000', '0.000', '0.000', 0, 0),
(680, '2019-05-15', '15', '4', '1', '16.500', '0.675', '0.550', '2', 'B', '0.260', '1', '37.000', 1, '0.000', 0, '1.000', '1.000', '30.000', 0, 0),
(681, '2019-05-15', '31', '2', '1', '17.000', '0.950', '0.375', '2', 'B', '0.260', '1', '0.000', 0, '0.000', 0, '0.000', '0.000', '0.000', 0, 0),
(682, '2019-05-15', '7', '3', '1', '11.600', '0.054', '0.000', '2', 'B', '0.260', '1', '0.000', 0, '0.000', 0, '0.000', '0.000', '0.000', 0, 0),
(683, '2019-05-15', '33', '1', '4', '6.720', '0.036', '0.000', '4', 'B', '0.260', '4', '6.000', 0, '0.000', 0, '0.000', '0.000', '20.000', 0, 0),
(684, '2019-05-15', '19', '1', '4', '33.280', '0.225', '0.000', '4', 'B', '0.260', '4', '0.000', 0, '0.000', 0, '0.000', '0.000', '0.000', 0, 0),
(685, '2019-05-15', '3', '1', '4', '4.740', '0.027', '0.000', '4', 'B', '0.260', '4', '0.000', 0, '0.000', 0, '0.000', '0.000', '0.000', 0, 0),
(686, '2019-05-15', '20', '1', '4', '9.600', '0.081', '0.000', '4', 'B', '0.260', '4', '0.000', 0, '0.000', 0, '0.000', '0.000', '0.000', 0, 0),
(687, '2019-05-15', '16', '1', '4', '5.360', '0.036', '0.000', '4', 'B', '0.260', '4', '0.000', 0, '0.000', 0, '0.000', '0.000', '0.000', 0, 0),
(688, '2019-05-15', '4', '1', '4', '1.500', '0.009', '0.000', '4', 'B', '0.260', '4', '0.000', 0, '0.000', 0, '0.000', '0.000', '0.000', 0, 0),
(689, '2019-05-15', '14', '1', '4', '8.920', '0.000', '0.000', '4', 'B', '0.260', '4', '0.000', 0, '0.000', 0, '0.000', '0.000', '0.000', 0, 0),
(690, '2019-05-15', '18', '1', '4', '5.200', '0.045', '0.000', '4', 'B', '0.260', '4', '0.000', 0, '0.000', 0, '0.000', '0.000', '0.000', 0, 0),
(691, '2019-05-15', '12', '1', '4', '4.840', '0.000', '0.000', '4', 'B', '0.260', '4', '0.000', 0, '0.000', 0, '0.000', '0.000', '0.000', 0, 0),
(692, '2019-05-15', '15', '1', '4', '6.860', '0.000', '0.000', '4', 'B', '0.260', '4', '0.000', 0, '0.000', 0, '0.000', '0.000', '0.000', 0, 0),
(693, '2019-05-15', '2', '1', '4', '2.900', '0.009', '0.000', '4', 'B', '0.260', '4', '0.000', 0, '0.000', 0, '0.000', '0.000', '0.000', 0, 0),
(694, '2019-05-15', '10', '1', '4', '0.660', '0.000', '0.000', '4', 'B', '0.260', '4', '0.000', 0, '0.000', 0, '0.000', '0.000', '0.000', 0, 0),
(695, '2019-05-15', '40', '1', '4', '2.560', '0.000', '0.000', '4', 'B', '0.260', '4', '0.000', 0, '0.000', 0, '0.000', '0.000', '0.000', 0, 0),
(696, '2019-05-15', '27', '5', '1', '3.700', '0.350', '0.100', '2', 'B', '0.260', '1', '0.000', 0, '0.000', 0, '0.000', '0.000', '0.000', 0, 0),
(697, '2019-05-15', '35', '1', '4', '171.860', '23.616', '0.000', '5', 'B', '0.260', '4', '0.000', 0, '0.000', 0, '0.000', '0.000', '0.000', 0, 0),
(698, '2019-04-27', '13', '3', '1', '30.225', '1.475', '0.150', '2', 'B', '0.260', '1', '0.000', 0, '69.000', 2, '0.000', '0.000', '0.000', 0, 0),
(699, '2019-04-27', '8', '6', '1', '32.525', '1.200', '0.400', '2', 'B', '0.260', '1', '17.100', 0, '0.000', 0, '0.000', '0.000', '0.000', 0, 0),
(700, '2019-04-27', '4', '5', '1', '22.025', '0.850', '0.100', '2', 'B', '0.260', '1', '0.000', 0, '0.000', 0, '0.000', '0.000', '0.000', 0, 0),
(701, '2019-04-27', '16', '2', '1', '22.300', '1.075', '0.175', '2', 'B', '0.260', '1', '0.000', 0, '0.000', 0, '0.000', '0.000', '0.000', 0, 0),
(702, '2019-04-27', '12', '6', '1', '34.975', '1.675', '0.125', '2', 'B', '0.260', '1', '33.500', 1, '0.000', 0, '1.000', '1.000', '0.000', 0, 0),
(703, '2019-04-27', '14', '5', '1', '23.725', '0.975', '0.225', '2', 'B', '0.260', '1', '15.000', 0, '0.000', 0, '0.000', '1.000', '50.000', 0, 0),
(704, '2019-04-27', '30', '3', '1', '19.700', '1.675', '0.400', '2', 'B', '0.260', '1', '0.000', 0, '0.000', 0, '0.000', '0.000', '0.000', 0, 0),
(705, '2019-04-27', '29', '2', '1', '23.025', '1.325', '0.225', '2', 'B', '0.260', '1', '0.000', 0, '71.100', 2, '0.000', '0.000', '0.000', 0, 0),
(706, '2019-04-27', '27', '4', '1', '2.325', '0.050', '0.000', '2', 'B', '0.260', '1', '0.000', 0, '0.000', 0, '0.000', '0.000', '0.000', 0, 0),
(707, '2019-04-27', '10', '5', '1', '22.100', '1.125', '0.150', '2', 'B', '0.260', '1', '20.700', 0, '0.000', 0, '1.000', '0.000', '0.000', 0, 0);
INSERT INTO `cont_issue_receive` (`id`, `date`, `cont_name`, `checker_name`, `batch1`, `asal_bidi`, `chant_bidi_pcs`, `chant_bidi_kgs`, `wages`, `qlty`, `tob_wt`, `batch2`, `tob`, `tob_bag`, `leaves`, `leaves_bag`, `bl_yarn`, `wh_yarn`, `filter`, `disc`, `cartons`) VALUES
(708, '2019-04-27', '15', '3', '1', '33.100', '1.625', '0.225', '2', 'B', '0.260', '1', '0.000', 0, '0.000', 0, '0.000', '0.000', '0.000', 0, 0),
(709, '2019-04-27', '28', '5', '1', '39.725', '1.050', '0.525', '2', 'B', '0.260', '1', '0.000', 0, '162.300', 5, '0.000', '0.000', '0.000', 0, 0),
(710, '2019-04-27', '11', '4', '1', '20.650', '0.775', '0.100', '2', 'B', '0.260', '1', '15.000', 0, '33.200', 1, '1.000', '0.000', '0.000', 0, 0),
(711, '2019-04-27', '40', '3', '1', '25.125', '1.825', '0.400', '2', 'B', '0.260', '1', '15.000', 0, '0.000', 0, '1.000', '1.000', '0.000', 0, 0),
(712, '2019-04-27', '17', '6', '1', '12.375', '0.975', '0.150', '2', 'B', '0.260', '1', '0.000', 0, '69.700', 2, '0.000', '0.000', '0.000', 0, 0),
(713, '2019-04-27', '5', '6', '1', '25.875', '0.000', '0.000', '2', 'B', '0.260', '1', '0.000', 0, '0.000', 0, '0.000', '0.000', '0.000', 0, 0),
(714, '2019-04-27', '26', '5', '1', '20.475', '0.675', '0.000', '2', 'B', '0.260', '1', '0.000', 0, '129.300', 4, '0.000', '0.000', '0.000', 0, 0),
(715, '2019-04-27', '18', '2', '1', '16.500', '1.425', '0.375', '2', 'B', '0.260', '1', '0.000', 0, '0.000', 0, '0.000', '0.000', '0.000', 0, 0),
(716, '2019-04-27', '20', '6', '4', '8.440', '0.045', '0.000', '4', 'B', '0.260', '4', '0.000', 0, '0.000', 0, '0.000', '0.000', '0.000', 0, 0),
(717, '2019-04-27', '7', '1', '4', '4.660', '0.000', '0.000', '4', 'B', '0.260', '4', '0.000', 0, '0.000', 0, '0.000', '0.000', '0.000', 0, 0),
(718, '2019-04-27', '2', '1', '4', '4.220', '0.018', '0.000', '4', 'B', '0.260', '4', '0.000', 0, '0.000', 0, '0.000', '0.000', '0.000', 0, 0),
(719, '2019-04-27', '19', '1', '4', '11.680', '0.072', '0.000', '4', 'B', '0.260', '4', '0.000', 0, '0.000', 0, '0.000', '0.000', '0.000', 0, 0),
(720, '2019-04-27', '14', '1', '4', '8.980', '0.000', '0.000', '4', 'B', '0.260', '4', '0.000', 0, '0.000', 0, '0.000', '0.000', '0.000', 0, 0),
(721, '2019-04-27', '16', '1', '4', '2.720', '0.009', '0.000', '4', 'B', '0.260', '4', '0.000', 0, '0.000', 0, '0.000', '0.000', '0.000', 0, 0),
(722, '2019-04-27', '4', '1', '4', '1.320', '0.000', '0.000', '4', 'B', '0.260', '4', '0.000', 0, '0.000', 0, '0.000', '0.000', '0.000', 0, 0),
(723, '2019-04-27', '40', '1', '4', '1.360', '0.000', '0.000', '4', 'B', '0.260', '4', '0.000', 0, '0.000', 0, '0.000', '0.000', '0.000', 0, 0),
(724, '2019-04-27', '33', '1', '4', '2.325', '0.050', '0.000', '4', 'B', '0.260', '4', '0.000', 0, '28.100', 1, '0.000', '0.000', '0.000', 0, 0),
(725, '2019-04-27', '28', '1', '4', '3.960', '0.000', '0.000', '4', 'B', '0.260', '4', '0.000', 0, '0.000', 0, '0.000', '0.000', '0.000', 0, 0),
(726, '2019-04-27', '15', '1', '4', '8.600', '0.000', '0.000', '4', 'B', '0.260', '4', '0.000', 0, '0.000', 0, '0.000', '0.000', '0.000', 0, 0),
(727, '2019-04-27', '10', '1', '4', '1.960', '0.000', '0.000', '4', 'B', '0.260', '4', '0.000', 0, '0.000', 0, '0.000', '0.000', '0.000', 0, 0),
(728, '2019-04-27', '18', '1', '4', '3.380', '0.000', '0.000', '4', 'B', '0.260', '4', '0.000', 0, '0.000', 0, '0.000', '0.000', '0.000', 0, 0),
(729, '2019-05-16', '7', '4', '1', '29.600', '1.175', '1.000', '2', 'B', '0.260', '1', '41.000', 1, '0.000', 0, '1.000', '0.000', '50.000', 0, 0),
(730, '2019-05-16', '20', '5', '1', '21.200', '1.150', '0.300', '2', 'B', '0.260', '1', '40.400', 1, '0.000', 0, '1.000', '1.000', '0.000', 0, 0),
(731, '2019-05-16', '30', '2', '1', '49.950', '3.125', '1.475', '2', 'B', '0.260', '1', '0.000', 0, '208.900', 6, '0.000', '0.000', '0.000', 0, 0),
(732, '2019-05-16', '19', '6', '1', '45.350', '2.025', '1.050', '2', 'B', '0.260', '1', '38.500', 1, '0.000', 0, '0.000', '0.000', '0.000', 0, 0),
(733, '2019-05-16', '15', '4', '1', '46.750', '2.625', '0.225', '2', 'B', '0.260', '1', '0.000', 0, '59.500', 2, '0.000', '0.000', '0.000', 0, 0),
(734, '2019-05-16', '18', '2', '1', '17.975', '1.025', '0.450', '2', 'B', '0.260', '1', '40.500', 1, '0.000', 0, '1.000', '0.000', '40.000', 0, 0),
(735, '2019-05-16', '5', '3', '1', '24.525', '1.000', '0.100', '2', 'B', '0.260', '1', '0.000', 0, '0.000', 0, '0.000', '0.000', '0.000', 0, 0),
(736, '2019-05-16', '17', '6', '1', '55.250', '3.100', '0.300', '2', 'B', '0.260', '1', '0.000', 0, '0.000', 0, '0.000', '0.000', '0.000', 0, 0),
(737, '2019-05-16', '26', '3', '1', '23.675', '0.850', '0.300', '2', 'B', '0.260', '1', '15.000', 0, '0.000', 0, '1.000', '0.000', '0.000', 0, 0),
(738, '2019-05-16', '13', '5', '1', '42.600', '1.975', '1.125', '2', 'B', '0.260', '1', '0.000', 0, '0.000', 0, '0.000', '0.000', '0.000', 0, 0),
(739, '2019-05-16', '7', '1', '4', '8.740', '0.036', '0.000', '4', 'B', '0.260', '4', '0.000', 0, '0.000', 0, '0.000', '0.000', '0.000', 0, 0),
(740, '2019-05-16', '20', '1', '4', '5.880', '0.099', '0.000', '4', 'B', '0.260', '4', '0.000', 0, '0.000', 0, '0.000', '0.000', '0.000', 0, 0),
(741, '2019-05-16', '19', '1', '4', '30.820', '0.153', '0.000', '4', 'B', '0.260', '4', '0.000', 0, '0.000', 0, '0.000', '0.000', '0.000', 0, 0),
(742, '2019-05-16', '18', '1', '4', '1.200', '0.000', '0.000', '4', 'B', '0.260', '4', '0.000', 0, '0.000', 0, '0.000', '0.000', '0.000', 0, 0),
(743, '2019-05-16', '15', '1', '4', '2.500', '0.045', '0.000', '4', 'B', '0.260', '4', '0.000', 0, '0.000', 0, '0.000', '0.000', '0.000', 0, 0),
(744, '2019-05-16', '27', '2', '1', '0.000', '0.000', '0.000', '2', 'B', '0.260', '1', '3.000', 0, '0.000', 0, '0.000', '0.000', '0.000', 0, 0),
(745, '2019-05-16', '35', '1', '4', '231.413', '0.000', '0.000', '5', 'B', '0.260', '4', '0.000', 0, '0.000', 0, '0.000', '0.000', '0.000', 0, 0),
(746, '2019-04-29', '7', '3', '1', '36.000', '2.350', '0.400', '2', 'B', '0.260', '1', '0.000', 0, '0.000', 0, '0.000', '0.000', '0.000', 0, 0),
(747, '2019-04-29', '31', '5', '1', '15.700', '1.000', '0.225', '2', 'B', '0.248', '1', '0.000', 0, '0.000', 0, '0.000', '0.000', '0.000', 0, 0),
(748, '2019-04-29', '19', '6', '1', '34.700', '1.775', '0.225', '2', 'B', '0.260', '1', '0.000', 0, '0.000', 0, '0.000', '0.000', '0.000', 0, 0),
(749, '2019-04-29', '20', '3', '1', '36.375', '2.275', '0.300', '2', 'B', '0.260', '1', '37.100', 1, '0.000', 0, '1.000', '1.000', '0.000', 0, 0),
(750, '2019-04-29', '3', '2', '1', '34.850', '2.050', '0.150', '2', 'B', '0.260', '1', '35.200', 1, '0.000', 0, '1.000', '1.000', '0.000', 0, 0),
(751, '2019-04-29', '13', '6', '1', '25.325', '2.500', '0.200', '2', 'B', '0.260', '1', '0.000', 0, '0.000', 0, '0.000', '0.000', '0.000', 0, 0),
(752, '2019-04-29', '12', '4', '1', '22.750', '1.300', '0.100', '2', 'B', '0.260', '1', '0.000', 0, '66.400', 2, '0.000', '0.000', '0.000', 0, 0),
(753, '2019-04-29', '4', '3', '1', '22.875', '1.825', '0.300', '2', 'B', '0.260', '1', '0.000', 0, '0.000', 0, '0.000', '0.000', '0.000', 0, 0),
(754, '2019-04-29', '18', '2', '1', '33.725', '1.950', '0.225', '2', 'B', '0.260', '1', '0.000', 0, '0.000', 0, '0.000', '0.000', '0.000', 0, 0),
(755, '2019-04-29', '16', '4', '1', '22.850', '1.225', '0.225', '2', 'B', '0.260', '1', '0.000', 0, '0.000', 0, '0.000', '0.000', '0.000', 0, 0),
(756, '2019-04-29', '15', '2', '1', '22.975', '1.725', '0.300', '2', 'B', '0.260', '1', '0.000', 0, '0.000', 0, '0.000', '0.000', '0.000', 0, 0),
(757, '2019-04-29', '29', '4', '1', '14.600', '1.125', '0.225', '2', 'B', '0.260', '1', '0.000', 0, '0.000', 0, '0.000', '0.000', '0.000', 0, 0),
(758, '2019-04-29', '5', '2', '1', '17.950', '4.575', '0.150', '2', 'B', '0.260', '1', '0.000', 0, '0.000', 0, '0.000', '0.000', '0.000', 0, 0),
(759, '2019-04-29', '11', '3', '1', '15.675', '0.575', '0.150', '2', 'B', '0.260', '1', '0.000', 0, '0.000', 0, '0.000', '0.000', '0.000', 0, 0),
(760, '2019-04-29', '28', '4', '1', '29.200', '1.425', '0.150', '2', 'B', '0.260', '1', '0.000', 0, '0.000', 0, '0.000', '0.000', '0.000', 0, 0),
(761, '2019-04-29', '17', '6', '1', '7.375', '0.575', '0.000', '2', 'B', '0.260', '1', '0.000', 0, '0.000', 0, '0.000', '0.000', '0.000', 0, 0),
(762, '2019-04-29', '7', '1', '4', '7.040', '0.081', '0.000', '4', 'B', '0.260', '4', '0.000', 0, '0.000', 0, '0.000', '0.000', '0.000', 0, 0),
(763, '2019-04-29', '19', '1', '4', '14.100', '0.081', '0.000', '4', 'B', '0.260', '4', '0.000', 0, '0.000', 0, '0.000', '0.000', '0.000', 0, 0),
(764, '2019-04-29', '3', '1', '4', '1.420', '0.000', '0.000', '4', 'B', '0.260', '4', '0.000', 0, '0.000', 0, '0.000', '0.000', '0.000', 0, 0),
(765, '2019-04-29', '20', '1', '4', '5.360', '0.036', '0.000', '4', 'B', '0.260', '4', '0.000', 0, '0.000', 0, '0.000', '0.000', '0.000', 0, 0),
(766, '2019-04-29', '16', '1', '4', '2.020', '0.018', '0.000', '4', 'B', '0.260', '4', '0.000', 0, '0.000', 0, '0.000', '0.000', '0.000', 0, 0),
(767, '2019-04-29', '4', '1', '4', '0.880', '0.000', '0.000', '4', 'B', '0.260', '4', '0.000', 0, '0.000', 0, '0.000', '0.000', '0.000', 0, 0),
(768, '2019-04-29', '18', '1', '4', '2.640', '0.000', '0.000', '4', 'B', '0.260', '4', '0.000', 0, '0.000', 0, '0.000', '0.000', '0.000', 0, 0),
(769, '2019-04-29', '11', '1', '4', '1.460', '0.000', '0.000', '4', 'B', '0.260', '4', '0.000', 0, '0.000', 0, '0.000', '0.000', '0.000', 0, 0),
(770, '2019-04-29', '15', '1', '4', '5.040', '0.000', '0.000', '4', 'B', '0.260', '4', '0.000', 0, '0.000', 0, '0.000', '0.000', '0.000', 0, 0),
(771, '2019-04-29', '33', '1', '4', '2.000', '0.075', '0.000', '4', 'B', '0.260', '4', '0.000', 0, '0.000', 0, '0.000', '0.000', '0.000', 0, 0),
(772, '2019-04-29', '35', '2', '1', '908.280', '0.000', '0.000', '1', 'B', '0.260', '1', '995.800', 0, '0.000', 0, '30.000', '0.000', '0.000', 0, 50),
(773, '2019-04-29', '36', '6', '1', '268.800', '0.000', '0.000', '1', 'B', '0.260', '1', '0.000', 0, '0.000', 0, '15.000', '0.000', '0.000', 0, 0),
(774, '2019-04-29', '38', '5', '1', '433.160', '0.000', '0.000', '6', 'B', '0.260', '1', '0.000', 0, '0.000', 0, '15.000', '0.000', '0.000', 0, 0),
(775, '2019-04-29', '37', '3', '1', '293.760', '0.000', '0.000', '1', 'B', '0.260', '1', '362.800', 10, '0.000', 0, '0.000', '0.000', '0.000', 0, 0),
(776, '2019-04-30', '20', '3', '1', '20.925', '1.250', '0.225', '2', 'B', '0.260', '1', '0.000', 0, '348.600', 12, '0.000', '0.000', '0.000', 0, 0),
(777, '2019-04-30', '3', '2', '1', '8.775', '0.375', '0.075', '2', 'B', '0.260', '1', '0.000', 0, '258.800', 8, '0.000', '0.000', '0.000', 0, 0),
(778, '2019-04-30', '4', '5', '1', '16.450', '0.675', '0.100', '2', 'B', '0.260', '1', '34.200', 1, '0.000', 0, '2.000', '1.000', '10.000', 0, 0),
(779, '2019-04-30', '7', '4', '1', '19.225', '1.300', '0.300', '2', 'B', '0.260', '1', '0.000', 0, '0.000', 0, '0.000', '0.000', '0.000', 0, 0),
(780, '2019-04-30', '19', '6', '1', '30.525', '2.025', '0.225', '2', 'B', '0.260', '1', '30.500', 1, '695.800', 20, '0.000', '0.000', '100.000', 0, 0),
(781, '2019-04-30', '30', '3', '1', '20.300', '0.850', '0.300', '2', 'B', '0.260', '1', '0.000', 0, '0.000', 0, '0.000', '1.000', '0.000', 0, 0),
(782, '2019-04-30', '6', '2', '1', '14.925', '0.550', '0.000', '2', 'B', '0.260', '1', '0.000', 0, '0.000', 0, '0.000', '0.000', '0.000', 0, 0),
(783, '2019-04-30', '40', '4', '1', '14.275', '0.700', '0.150', '2', 'B', '0.260', '1', '0.000', 0, '0.000', 0, '0.000', '0.000', '0.000', 0, 0),
(784, '2019-04-30', '13', '5', '1', '32.725', '2.300', '0.300', '2', 'B', '0.260', '1', '36.000', 1, '0.000', 0, '1.000', '0.000', '0.000', 0, 0),
(785, '2019-04-30', '18', '2', '1', '18.775', '1.950', '0.350', '2', 'B', '0.260', '1', '35.300', 1, '0.000', 0, '1.000', '1.000', '0.000', 0, 0),
(786, '2019-04-30', '26', '1', '1', '27.625', '1.575', '0.175', '2', 'B', '0.260', '1', '15.000', 0, '0.000', 0, '1.000', '0.000', '0.000', 0, 0),
(787, '2019-04-30', '10', '5', '1', '34.000', '1.700', '0.150', '2', 'B', '0.260', '1', '0.000', 0, '0.000', 0, '0.000', '0.000', '0.000', 0, 0),
(788, '2019-04-30', '28', '2', '1', '21.650', '1.875', '0.225', '2', 'B', '0.260', '1', '31.500', 1, '0.000', 0, '1.000', '0.000', '0.000', 0, 0),
(789, '2019-04-30', '17', '5', '1', '26.125', '1.625', '0.150', '2', 'B', '0.260', '1', '0.000', 0, '0.000', 0, '0.000', '0.000', '0.000', 0, 0),
(790, '2019-04-30', '7', '3', '4', '6.160', '0.027', '0.000', '4', 'B', '0.260', '4', '0.000', 0, '0.000', 0, '0.000', '0.000', '0.000', 0, 0),
(791, '2019-04-30', '3', '1', '4', '2.120', '0.009', '0.000', '4', 'B', '0.260', '4', '0.000', 0, '0.000', 0, '0.000', '0.000', '0.000', 0, 0),
(792, '2019-04-30', '33', '1', '4', '5.140', '0.018', '0.000', '4', 'B', '0.260', '4', '0.000', 0, '0.000', 0, '0.000', '0.000', '0.000', 0, 0),
(793, '2019-04-30', '19', '1', '4', '15.280', '0.036', '0.000', '4', 'B', '0.260', '4', '0.000', 0, '0.000', 0, '0.000', '0.000', '0.000', 0, 0),
(794, '2019-04-30', '20', '1', '4', '3.300', '0.027', '0.000', '4', 'B', '0.260', '4', '0.000', 0, '0.000', 0, '0.000', '0.000', '0.000', 0, 0),
(795, '2019-04-30', '4', '1', '4', '1.800', '0.009', '0.000', '4', 'B', '0.260', '4', '0.000', 0, '0.000', 0, '0.000', '0.000', '0.000', 0, 0),
(796, '2019-04-30', '6', '1', '4', '3.100', '0.009', '0.000', '4', 'B', '0.260', '4', '0.000', 0, '0.000', 0, '0.000', '0.000', '0.000', 0, 0),
(797, '2019-04-30', '40', '1', '4', '1.560', '0.000', '0.000', '4', 'B', '0.260', '4', '0.000', 0, '0.000', 0, '0.000', '0.000', '0.000', 0, 0),
(798, '2019-04-30', '28', '1', '4', '2.580', '0.018', '0.000', '4', 'B', '0.260', '4', '0.000', 0, '0.000', 0, '0.000', '0.000', '0.000', 0, 0),
(799, '2019-04-30', '18', '1', '4', '4.140', '0.000', '0.000', '4', 'B', '0.260', '4', '0.000', 0, '0.000', 0, '0.000', '0.000', '0.000', 0, 0),
(800, '2019-04-30', '35', '1', '4', '168.389', '0.000', '0.000', '4', 'B', '0.260', '4', '0.000', 0, '0.000', 0, '0.000', '0.000', '0.000', 0, 0),
(801, '2019-04-30', '10', '1', '4', '1.600', '0.009', '0.000', '4', 'B', '0.260', '4', '0.000', 0, '0.000', 0, '0.000', '0.000', '0.000', 0, 0),
(802, '2019-05-02', '20', '3', '1', '37.400', '1.950', '0.175', '2', 'B', '0.260', '1', '0.000', 0, '0.000', 0, '0.000', '0.000', '0.000', 0, 0),
(803, '2019-05-02', '19', '2', '1', '36.250', '1.750', '0.300', '2', 'B', '0.260', '1', '0.000', 0, '0.000', 0, '0.000', '0.000', '0.000', 0, 0),
(804, '2019-05-02', '12', '2', '1', '33.975', '1.675', '0.225', '2', 'B', '0.260', '1', '0.000', 0, '0.000', 0, '0.000', '0.000', '0.000', 0, 0),
(805, '2019-05-02', '28', '5', '1', '30.475', '1.575', '0.100', '2', 'B', '0.260', '1', '0.000', 0, '0.000', 0, '0.000', '0.000', '0.000', 0, 0),
(806, '2019-05-02', '7', '4', '1', '33.625', '1.725', '0.325', '2', 'B', '0.260', '1', '36.200', 1, '0.000', 0, '1.000', '1.000', '50.000', 0, 0),
(807, '2019-05-02', '16', '3', '1', '28.825', '1.050', '0.225', '2', 'B', '0.260', '1', '0.000', 0, '262.900', 8, '0.000', '0.000', '0.000', 0, 0),
(808, '2019-05-02', '15', '2', '1', '32.075', '2.200', '0.375', '2', 'B', '0.260', '1', '0.000', 0, '68.200', 2, '0.000', '0.000', '0.000', 0, 0),
(809, '2019-05-02', '8', '5', '1', '23.950', '0.950', '0.275', '2', 'B', '0.260', '1', '0.000', 0, '0.000', 0, '0.000', '0.000', '0.000', 0, 0),
(810, '2019-05-02', '2', '2', '1', '47.775', '2.775', '0.325', '2', 'B', '0.260', '1', '33.400', 1, '0.000', 0, '1.000', '1.000', '50.000', 0, 0),
(811, '2019-05-02', '14', '2', '1', '24.375', '1.400', '0.150', '2', 'B', '0.260', '1', '0.000', 0, '0.000', 0, '0.000', '0.000', '0.000', 0, 0),
(812, '2019-05-02', '29', '5', '1', '24.175', '1.225', '0.225', '2', 'B', '0.260', '1', '0.000', 0, '0.000', 0, '0.000', '0.000', '0.000', 0, 0),
(813, '2019-05-02', '5', '3', '1', '22.150', '1.250', '0.100', '2', 'B', '0.260', '1', '0.000', 0, '0.000', 0, '0.000', '0.000', '0.000', 0, 0),
(814, '2019-05-02', '17', '2', '1', '32.800', '2.400', '0.225', '2', 'B', '0.260', '1', '16.900', 0, '0.000', 0, '1.000', '1.000', '0.000', 0, 0),
(815, '2019-05-02', '19', '1', '4', '16.200', '0.090', '0.000', '4', 'B', '0.260', '4', '0.000', 0, '0.000', 0, '0.000', '0.000', '0.000', 0, 0),
(816, '2019-05-02', '33', '1', '4', '5.920', '0.027', '0.000', '4', 'B', '0.260', '4', '6.000', 0, '0.000', 0, '0.000', '0.000', '20.000', 0, 0),
(817, '2019-05-02', '20', '1', '4', '6.660', '0.063', '0.000', '4', 'B', '0.260', '4', '0.000', 0, '0.000', 0, '0.000', '0.000', '0.000', 0, 0),
(818, '2019-05-02', '15', '1', '4', '6.680', '0.027', '0.000', '4', 'B', '0.260', '4', '0.000', 0, '0.000', 0, '0.000', '0.000', '0.000', 0, 0),
(819, '2019-05-02', '16', '1', '4', '1.700', '0.018', '0.000', '4', 'B', '0.260', '4', '0.000', 0, '0.000', 0, '0.000', '0.000', '0.000', 0, 0),
(820, '2019-05-02', '2', '1', '4', '3.040', '0.000', '0.000', '4', 'B', '0.260', '4', '0.000', 0, '0.000', 0, '0.000', '0.000', '0.000', 0, 0),
(821, '2019-05-02', '14', '1', '4', '8.060', '0.000', '0.000', '4', 'B', '0.260', '4', '0.000', 0, '0.000', 0, '0.000', '0.000', '0.000', 0, 0),
(822, '2019-05-02', '35', '1', '4', '170.326', '0.000', '0.000', '5', 'B', '0.260', '4', '0.000', 0, '0.000', 0, '0.000', '0.000', '0.000', 0, 0),
(823, '2019-05-02', '7', '1', '4', '7.940', '0.027', '0.000', '4', 'B', '0.260', '4', '0.000', 0, '0.000', 0, '0.000', '0.000', '0.000', 0, 0),
(824, '2019-05-03', '20', '3', '1', '20.225', '1.300', '0.300', '2', 'B', '0.260', '1', '0.000', 0, '0.000', 0, '0.000', '0.000', '0.000', 0, 0),
(825, '2019-05-03', '3', '2', '1', '33.300', '1.300', '0.150', '2', 'B', '0.260', '1', '0.000', 0, '0.000', 0, '0.000', '0.000', '0.000', 0, 0),
(826, '2019-05-03', '31', '5', '1', '20.275', '1.300', '0.300', '2', 'B', '0.260', '1', '25.000', 0, '66.900', 2, '1.000', '1.000', '0.000', 0, 0),
(827, '2019-05-03', '2', '4', '1', '35.025', '1.875', '0.300', '2', 'B', '0.260', '1', '0.000', 0, '0.000', 0, '0.000', '0.000', '0.000', 0, 0),
(828, '2019-05-03', '19', '6', '1', '28.575', '1.950', '0.300', '2', 'B', '0.260', '1', '0.000', 0, '0.000', 0, '0.000', '0.000', '0.000', 0, 0),
(829, '2019-05-03', '40', '5', '1', '20.450', '1.125', '0.225', '2', 'B', '0.260', '1', '0.000', 0, '34.100', 1, '0.000', '0.000', '0.000', 0, 0),
(830, '2019-05-03', '12', '5', '1', '32.825', '2.075', '0.150', '2', 'B', '0.260', '1', '0.000', 0, '0.000', 0, '0.000', '0.000', '0.000', 0, 0),
(831, '2019-05-03', '7', '6', '1', '28.900', '1.900', '0.175', '2', 'B', '0.260', '1', '0.000', 0, '0.000', 0, '0.000', '0.000', '0.000', 0, 0),
(832, '2019-05-03', '18', '6', '1', '48.800', '2.200', '0.250', '2', 'B', '0.260', '1', '0.000', 0, '0.000', 0, '0.000', '0.000', '0.000', 0, 0),
(833, '2019-05-03', '17', '6', '1', '31.550', '1.475', '0.150', '2', 'B', '0.260', '1', '0.000', 0, '63.300', 2, '0.000', '0.000', '0.000', 0, 0),
(834, '2019-05-03', '10', '4', '1', '26.400', '1.475', '0.100', '2', 'B', '0.260', '1', '35.100', 1, '0.000', 0, '1.000', '1.000', '0.000', 0, 0),
(835, '2019-05-03', '20', '1', '4', '4.580', '0.036', '0.000', '4', 'B', '0.260', '4', '0.000', 0, '0.000', 0, '0.000', '0.000', '0.000', 0, 0),
(836, '2019-05-03', '2', '1', '4', '4.340', '0.072', '0.000', '4', 'B', '0.260', '4', '0.000', 0, '0.000', 0, '0.000', '0.000', '0.000', 0, 0),
(837, '2019-05-03', '3', '1', '4', '6.100', '0.036', '0.000', '4', 'B', '0.260', '4', '0.000', 0, '0.000', 0, '0.000', '0.000', '0.000', 0, 0),
(838, '2019-05-03', '33', '1', '4', '3.340', '0.036', '0.000', '2', 'B', '0.260', '4', '0.000', 0, '0.000', 0, '0.000', '0.000', '0.000', 0, 0),
(839, '2019-05-03', '19', '1', '4', '18.400', '0.072', '0.000', '4', 'B', '0.260', '4', '0.000', 0, '0.000', 0, '0.000', '0.000', '0.000', 0, 0),
(840, '2019-05-03', '7', '1', '4', '8.800', '0.000', '0.000', '4', 'B', '0.260', '4', '0.000', 0, '0.000', 0, '0.000', '0.000', '0.000', 0, 0),
(841, '2019-05-03', '40', '1', '4', '1.020', '0.000', '0.000', '2', 'B', '0.260', '4', '0.000', 0, '0.000', 0, '0.000', '0.000', '0.000', 0, 0),
(842, '2019-05-03', '35', '1', '4', '228.800', '0.000', '0.000', '5', 'B', '0.260', '4', '0.000', 0, '0.000', 0, '0.000', '0.000', '0.000', 0, 0),
(843, '2019-05-04', '13', '5', '1', '44.675', '3.050', '0.300', '2', 'B', '0.260', '1', '0.000', 0, '63.700', 2, '0.000', '0.000', '0.000', 0, 0),
(844, '2019-05-04', '30', '5', '1', '29.850', '2.125', '0.400', '2', 'B', '0.260', '1', '20.000', 0, '0.000', 0, '1.000', '0.000', '0.000', 0, 0),
(845, '2019-05-04', '11', '6', '1', '29.375', '0.800', '0.150', '2', 'B', '0.260', '1', '0.000', 0, '31.100', 1, '0.000', '0.000', '0.000', 0, 0),
(846, '2019-05-04', '16', '5', '1', '35.625', '1.525', '0.225', '2', 'B', '0.260', '1', '37.900', 1, '0.000', 0, '2.000', '1.000', '0.000', 0, 0),
(847, '2019-05-04', '19', '2', '1', '26.325', '1.600', '0.225', '2', 'B', '0.260', '1', '37.100', 1, '0.000', 0, '2.000', '1.000', '0.000', 0, 0),
(848, '2019-05-04', '15', '4', '1', '29.100', '3.950', '0.450', '2', 'B', '0.260', '1', '34.000', 1, '0.000', 0, '1.000', '0.000', '0.000', 0, 0),
(849, '2019-05-04', '12', '3', '1', '31.075', '1.575', '0.125', '2', 'B', '0.260', '1', '36.100', 1, '0.000', 0, '1.000', '0.000', '50.000', 0, 0),
(850, '2019-05-04', '5', '5', '1', '29.575', '1.800', '0.100', '2', 'B', '0.260', '1', '34.500', 1, '62.600', 2, '1.000', '1.000', '0.000', 0, 0),
(851, '2019-05-04', '10', '2', '1', '35.500', '2.775', '0.250', '2', 'B', '0.260', '1', '0.000', 0, '70.500', 2, '0.000', '0.000', '0.000', 0, 0),
(852, '2019-05-04', '14', '2', '1', '19.950', '0.975', '0.150', '2', 'B', '0.260', '1', '31.000', 1, '72.100', 2, '1.000', '0.000', '25.000', 0, 0),
(853, '2019-05-04', '18', '3', '1', '29.200', '3.275', '0.300', '2', 'B', '0.260', '1', '34.700', 1, '263.200', 8, '1.000', '1.000', '0.000', 0, 0),
(854, '2019-05-04', '29', '5', '1', '15.850', '1.000', '0.150', '2', 'B', '0.260', '1', '37.100', 1, '0.000', 0, '1.000', '0.000', '0.000', 0, 0),
(855, '2019-05-04', '26', '5', '1', '28.475', '1.725', '0.150', '2', 'B', '0.260', '1', '0.000', 0, '0.000', 0, '0.000', '0.000', '0.000', 0, 0),
(856, '2019-05-04', '40', '2', '1', '20.525', '1.100', '0.225', '2', 'B', '0.260', '1', '12.000', 1, '0.000', 0, '0.000', '0.000', '25.000', 0, 0),
(857, '2019-05-04', '28', '5', '1', '25.975', '0.850', '0.350', '2', 'B', '0.260', '1', '0.000', 0, '0.000', 0, '0.000', '0.000', '0.000', 0, 0),
(858, '2019-05-04', '17', '4', '1', '27.300', '2.200', '0.000', '2', 'B', '0.260', '1', '35.200', 1, '0.000', 0, '1.000', '0.000', '0.000', 0, 0),
(859, '2019-05-04', '27', '5', '1', '5.850', '0.325', '0.150', '2', 'B', '0.260', '1', '0.000', 0, '0.000', 0, '0.000', '0.000', '0.000', 0, 0),
(860, '2019-05-04', '19', '3', '1', '13.380', '0.090', '0.000', '2', 'B', '0.260', '1', '0.000', 0, '0.000', 0, '0.000', '0.000', '0.000', 0, 0),
(861, '2019-05-04', '33', '2', '1', '3.960', '0.036', '0.000', '2', 'B', '0.260', '1', '0.000', 0, '0.000', 0, '0.000', '0.000', '0.000', 0, 0),
(862, '2019-05-04', '11', '1', '1', '0.500', '0.000', '0.000', '4', 'B', '0.260', '1', '0.000', 0, '0.000', 0, '0.000', '0.000', '0.000', 0, 0),
(863, '2019-05-04', '16', '1', '1', '4.200', '0.036', '0.000', '4', 'B', '0.260', '1', '0.000', 0, '0.000', 0, '0.000', '0.000', '0.000', 0, 0),
(864, '2019-05-04', '15', '1', '4', '5.720', '0.054', '0.000', '4', 'B', '0.260', '4', '0.000', 0, '0.000', 0, '0.000', '0.000', '0.000', 0, 0),
(865, '2019-05-04', '18', '1', '4', '12.180', '0.072', '0.000', '4', 'B', '0.260', '4', '0.000', 0, '0.000', 0, '0.000', '0.000', '0.000', 0, 0),
(866, '2019-05-04', '14', '1', '4', '7.860', '0.036', '0.000', '4', 'B', '0.260', '4', '0.000', 0, '0.000', 0, '0.000', '0.000', '0.000', 0, 0),
(867, '2019-05-04', '28', '1', '4', '8.340', '0.072', '0.000', '4', 'B', '0.260', '4', '0.000', 0, '0.000', 0, '0.000', '0.000', '0.000', 0, 0),
(868, '2019-05-04', '42', '5', '5', '5222.400', '0.000', '0.000', '3', 'B', '0.260', '5', '1622.500', 45, '3196.700', 84, '0.000', '16.000', '0.000', 0, 0),
(869, '2019-05-04', '35', '1', '4', '115.011', '0.000', '0.000', '5', 'B', '0.260', '4', '0.000', 0, '0.000', 0, '0.000', '0.000', '0.000', 0, 0),
(870, '2019-05-05', '20', '5', '1', '40.725', '2.200', '0.300', '2', 'B', '0.260', '1', '38.700', 1, '0.000', 0, '2.000', '0.000', '0.000', 0, 0),
(871, '2019-05-05', '3', '5', '1', '30.275', '1.325', '0.150', '2', 'B', '0.260', '1', '36.700', 1, '0.000', 0, '1.000', '0.000', '0.000', 0, 0),
(872, '2019-05-05', '19', '4', '1', '27.425', '2.050', '0.300', '2', 'B', '0.260', '1', '0.000', 0, '0.000', 0, '0.000', '0.000', '0.000', 0, 0),
(873, '2019-05-05', '7', '3', '1', '30.100', '2.050', '0.500', '2', 'B', '0.260', '1', '0.000', 0, '0.000', 0, '0.000', '0.000', '0.000', 0, 0),
(874, '2019-05-05', '6', '6', '1', '15.750', '0.400', '0.000', '2', 'B', '0.260', '1', '10.000', 0, '0.000', 0, '0.000', '0.000', '10.000', 0, 0),
(875, '2019-05-05', '2', '6', '1', '35.175', '2.325', '0.300', '2', 'B', '0.260', '1', '0.000', 0, '0.000', 0, '0.000', '0.000', '0.000', 0, 0),
(876, '2019-05-05', '17', '5', '1', '24.700', '3.150', '0.300', '2', 'B', '0.260', '1', '0.000', 0, '0.000', 0, '0.000', '0.000', '0.000', 0, 0),
(877, '2019-05-05', '3', '1', '4', '3.840', '0.045', '0.000', '4', 'B', '0.260', '4', '0.000', 0, '0.000', 0, '0.000', '0.000', '0.000', 0, 0),
(878, '2019-05-05', '19', '1', '4', '17.080', '0.117', '0.000', '4', 'B', '0.260', '4', '0.000', 0, '0.000', 0, '0.000', '0.000', '0.000', 0, 0),
(879, '2019-05-05', '20', '1', '4', '7.180', '0.054', '0.000', '4', 'B', '0.260', '4', '0.000', 0, '0.000', 0, '0.000', '0.000', '0.000', 0, 0),
(880, '2019-05-05', '2', '1', '4', '1.360', '0.018', '0.000', '4', 'B', '0.260', '4', '0.000', 0, '0.000', 0, '0.000', '0.000', '0.000', 0, 0),
(881, '2019-05-05', '6', '1', '4', '2.900', '0.000', '0.000', '4', 'B', '0.260', '4', '0.000', 0, '0.000', 0, '0.000', '0.000', '0.000', 0, 0),
(882, '2019-05-05', '7', '1', '4', '14.680', '0.090', '0.000', '4', 'B', '0.260', '4', '0.000', 0, '0.000', 0, '0.000', '0.000', '0.000', 0, 0),
(883, '2019-05-05', '36', '1', '4', '261.105', '0.000', '0.000', '5', 'B', '0.260', '4', '0.000', 0, '0.000', 0, '0.000', '0.000', '0.000', 0, 0),
(884, '2019-05-06', '13', '5', '1', '39.775', '2.050', '0.300', '2', 'B', '0.260', '1', '33.100', 1, '0.000', 0, '1.000', '1.000', '0.000', 0, 0),
(885, '2019-05-06', '4', '3', '1', '35.125', '1.300', '0.175', '2', 'B', '0.260', '1', '0.000', 0, '0.000', 0, '0.000', '0.000', '0.000', 0, 0),
(886, '2019-05-06', '16', '2', '1', '33.350', '1.625', '0.225', '2', 'B', '0.260', '1', '0.000', 0, '0.000', 0, '0.000', '0.000', '0.000', 0, 0),
(887, '2019-05-06', '20', '4', '1', '25.450', '1.550', '0.300', '2', 'B', '0.260', '1', '0.000', 0, '0.000', 0, '1.000', '1.000', '100.000', 0, 0),
(888, '2019-05-06', '19', '5', '1', '27.450', '1.625', '0.300', '2', 'B', '0.260', '1', '30.800', 1, '0.000', 0, '0.000', '0.000', '100.000', 0, 0),
(889, '2019-05-06', '8', '2', '1', '20.925', '0.900', '0.175', '2', 'B', '0.260', '1', '0.000', 0, '0.000', 0, '0.000', '0.000', '0.000', 0, 0),
(890, '2019-05-06', '30', '5', '1', '22.875', '1.400', '0.250', '2', 'B', '0.260', '1', '0.000', 0, '64.300', 2, '0.000', '0.000', '0.000', 0, 0),
(891, '2019-05-06', '28', '3', '1', '31.625', '2.600', '0.125', '2', 'B', '0.260', '1', '0.000', 0, '0.000', 0, '0.000', '0.000', '0.000', 0, 0),
(892, '2019-05-06', '15', '2', '1', '22.300', '1.775', '0.325', '2', 'B', '0.260', '1', '0.000', 0, '0.000', 0, '0.000', '0.000', '0.000', 0, 0),
(893, '2019-05-06', '29', '6', '1', '19.525', '1.150', '0.225', '2', 'B', '0.260', '1', '0.000', 0, '55.600', 2, '0.000', '0.000', '0.000', 0, 0),
(894, '2019-05-06', '18', '4', '1', '27.975', '3.375', '0.400', '2', 'B', '0.260', '1', '0.000', 0, '0.000', 0, '0.000', '0.000', '0.000', 0, 0),
(895, '2019-05-06', '40', '6', '1', '21.125', '0.825', '0.300', '2', 'B', '0.260', '1', '26.000', 0, '57.600', 2, '0.000', '0.000', '0.000', 0, 0),
(896, '2019-05-06', '26', '5', '1', '27.150', '1.750', '0.175', '2', 'B', '0.260', '1', '0.000', 0, '0.000', 0, '0.000', '0.000', '0.000', 0, 0),
(897, '2019-05-06', '17', '3', '1', '22.600', '2.275', '0.375', '2', 'B', '0.260', '1', '0.000', 0, '0.000', 0, '0.000', '0.000', '0.000', 0, 0),
(898, '2019-05-06', '7', '5', '1', '24.550', '1.100', '0.175', '2', 'B', '0.260', '1', '37.200', 1, '0.000', 0, '0.000', '0.000', '0.000', 0, 0),
(899, '2019-05-06', '10', '2', '1', '28.000', '1.550', '0.300', '2', 'B', '0.260', '1', '0.000', 0, '0.000', 0, '0.000', '0.000', '0.000', 0, 0),
(900, '2019-05-06', '19', '1', '4', '13.560', '0.072', '0.000', '4', 'B', '0.260', '4', '0.000', 0, '0.000', 0, '0.000', '0.000', '0.000', 0, 0),
(901, '2019-05-06', '20', '1', '4', '4.580', '0.063', '0.000', '4', 'B', '0.260', '4', '0.000', 0, '0.000', 0, '0.000', '0.000', '0.000', 0, 0),
(902, '2019-05-06', '33', '1', '4', '5.320', '0.036', '0.000', '4', 'B', '0.260', '4', '0.000', 0, '0.000', 0, '0.000', '0.000', '0.000', 0, 0),
(903, '2019-05-06', '4', '1', '4', '1.460', '0.018', '0.000', '4', 'B', '0.260', '4', '0.000', 0, '0.000', 0, '0.000', '0.000', '0.000', 0, 0),
(904, '2019-05-06', '28', '1', '4', '3.900', '0.027', '0.000', '4', 'B', '0.260', '4', '0.000', 0, '0.000', 0, '0.000', '0.000', '0.000', 0, 0),
(905, '2019-05-06', '16', '1', '4', '3.880', '0.018', '0.000', '4', 'B', '0.260', '4', '0.000', 0, '0.000', 0, '0.000', '0.000', '0.000', 0, 0),
(906, '2019-05-06', '7', '1', '4', '7.420', '0.036', '0.000', '4', 'B', '0.260', '4', '0.000', 0, '0.000', 0, '0.000', '0.000', '0.000', 0, 0),
(907, '2019-05-06', '18', '1', '4', '4.680', '0.072', '0.000', '4', 'B', '0.260', '4', '0.000', 0, '0.000', 0, '0.000', '0.000', '0.000', 0, 0),
(908, '2019-05-06', '15', '1', '4', '4.020', '0.054', '0.000', '4', 'B', '0.260', '4', '0.000', 0, '0.000', 0, '0.000', '0.000', '0.000', 0, 0),
(909, '2019-05-06', '10', '1', '4', '0.500', '0.000', '0.000', '4', 'B', '0.260', '4', '0.000', 0, '0.000', 0, '0.000', '0.000', '0.000', 0, 0),
(910, '2019-05-06', '12', '1', '4', '31.450', '1.750', '0.150', '4', 'B', '0.260', '4', '0.000', 0, '74.400', 2, '0.000', '0.000', '0.000', 0, 0),
(911, '2019-05-08', '19', '3', '1', '30.750', '0.975', '0.850', '2', 'B', '0.260', '1', '0.000', 0, '0.000', 0, '0.000', '0.000', '0.000', 0, 0),
(912, '2019-05-08', '20', '5', '1', '25.875', '1.000', '0.400', '2', 'B', '0.260', '1', '0.000', 0, '0.000', 0, '0.000', '0.000', '0.000', 0, 0),
(913, '2019-05-08', '3', '2', '1', '45.100', '1.500', '0.300', '2', 'B', '0.252', '1', '0.000', 0, '0.000', 0, '0.000', '0.000', '0.000', 0, 0),
(914, '2019-05-08', '7', '6', '1', '36.100', '1.050', '0.900', '2', 'B', '0.260', '1', '0.000', 0, '0.000', 0, '0.000', '0.000', '0.000', 0, 0),
(915, '2019-05-08', '4', '3', '1', '39.725', '1.225', '0.300', '2', 'B', '0.260', '1', '0.000', 0, '0.000', 0, '0.000', '0.000', '0.000', 0, 0),
(916, '2019-05-08', '16', '2', '1', '34.625', '1.175', '0.600', '2', 'B', '0.260', '1', '0.000', 0, '0.000', 0, '0.000', '0.000', '0.000', 0, 0),
(917, '2019-05-08', '2', '6', '1', '50.125', '2.400', '0.400', '2', 'B', '0.260', '1', '35.700', 1, '0.000', 0, '1.000', '1.000', '0.000', 0, 0),
(918, '2019-05-08', '31', '4', '1', '16.025', '0.700', '0.325', '2', 'B', '0.260', '1', '0.000', 0, '0.000', 0, '0.000', '0.000', '0.000', 0, 0),
(919, '2019-05-08', '12', '5', '1', '31.375', '1.775', '0.375', '2', 'B', '0.260', '1', '0.000', 0, '0.000', 0, '0.000', '0.000', '0.000', 0, 0),
(920, '2019-05-08', '28', '3', '1', '34.525', '1.800', '0.450', '2', 'B', '0.260', '1', '34.300', 1, '0.000', 0, '1.000', '0.000', '0.000', 0, 0),
(921, '2019-05-08', '15', '2', '1', '27.150', '1.300', '0.325', '2', 'B', '0.260', '1', '0.000', 0, '65.400', 2, '0.000', '0.000', '0.000', 0, 0),
(922, '2019-05-08', '29', '2', '1', '18.050', '1.075', '0.375', '2', 'B', '0.260', '1', '0.000', 0, '0.000', 0, '0.000', '0.000', '0.000', 0, 0),
(923, '2019-05-08', '17', '6', '1', '36.700', '1.875', '0.300', '2', 'B', '0.260', '1', '0.000', 0, '77.300', 2, '0.000', '0.000', '0.000', 0, 0),
(924, '2019-05-08', '5', '3', '1', '17.875', '0.500', '0.000', '2', 'B', '0.260', '1', '0.000', 0, '0.000', 0, '0.000', '0.000', '0.000', 0, 0),
(925, '2019-05-08', '19', '1', '4', '16.500', '0.054', '0.000', '4', 'B', '0.260', '4', '0.000', 0, '0.000', 0, '0.000', '0.000', '0.000', 0, 0),
(926, '2019-05-08', '3', '1', '4', '2.980', '0.009', '0.000', '4', 'B', '0.260', '4', '0.000', 0, '0.000', 0, '0.000', '0.000', '0.000', 0, 0),
(927, '2019-05-08', '20', '1', '4', '4.720', '0.018', '0.000', '4', 'B', '0.260', '4', '0.000', 0, '0.000', 0, '0.000', '0.000', '0.000', 0, 0),
(928, '2019-05-08', '7', '1', '4', '13.340', '0.054', '0.000', '4', 'B', '0.260', '4', '0.000', 0, '0.000', 0, '0.000', '0.000', '0.000', 0, 0),
(929, '2019-05-08', '33', '1', '4', '5.200', '0.018', '0.000', '4', 'B', '0.260', '4', '0.000', 0, '0.000', 0, '0.000', '0.000', '0.000', 0, 0),
(930, '2019-05-08', '4', '1', '4', '1.080', '0.009', '0.000', '4', 'B', '0.260', '4', '0.000', 0, '0.000', 0, '0.000', '0.000', '0.000', 0, 0),
(931, '2019-05-08', '16', '1', '4', '5.440', '0.027', '0.000', '4', 'B', '0.260', '4', '0.000', 0, '0.000', 0, '0.000', '0.000', '0.000', 0, 0),
(932, '2019-05-08', '2', '1', '4', '4.840', '0.000', '0.000', '4', 'B', '0.260', '4', '0.000', 0, '0.000', 0, '0.000', '0.000', '0.000', 0, 0),
(933, '2019-05-08', '28', '1', '4', '4.120', '0.027', '0.000', '4', 'B', '0.260', '4', '0.000', 0, '0.000', 0, '0.000', '0.000', '0.000', 0, 0),
(934, '2019-05-08', '15', '1', '4', '7.060', '0.027', '0.000', '4', 'B', '0.260', '4', '0.000', 0, '0.000', 0, '0.000', '0.000', '0.000', 0, 0),
(935, '2019-05-08', '35', '5', '1', '1301.760', '0.000', '0.000', '1', 'B', '0.260', '1', '0.000', 0, '0.000', 0, '0.000', '0.000', '0.000', 0, 0),
(936, '2019-05-08', '36', '4', '1', '405.348', '0.000', '0.000', '1', 'B', '0.260', '1', '0.000', 0, '0.000', 0, '0.000', '16.000', '0.000', 0, 50),
(937, '2019-05-08', '39', '6', '1', '224.910', '0.000', '0.000', '6', 'B', '0.260', '1', '0.000', 0, '0.000', 0, '0.000', '0.000', '0.000', 0, 0),
(938, '2019-05-08', '37', '2', '1', '376.380', '0.000', '0.000', '1', 'B', '0.260', '1', '0.000', 0, '0.000', 0, '0.000', '0.000', '0.000', 0, 0),
(939, '2019-05-08', '35', '1', '4', '0.000', '35.424', '0.000', '5', 'B', '0.260', '4', '0.000', 0, '0.000', 0, '0.000', '0.000', '0.000', 0, 0),
(940, '2019-05-17', '3', '3', '1', '35.725', '1.750', '0.375', '2', 'B', '0.260', '1', '0.000', 0, '0.000', 0, '2.000', '1.000', '25.000', 0, 0),
(941, '2019-05-17', '2', '5', '1', '32.725', '1.750', '0.450', '2', 'B', '0.260', '1', '0.000', 0, '0.000', 0, '0.000', '0.000', '0.000', 0, 0),
(942, '2019-05-17', '4', '6', '1', '38.450', '1.550', '0.450', '2', 'B', '0.260', '1', '0.000', 0, '0.000', 0, '0.000', '0.000', '0.000', 0, 0),
(943, '2019-05-17', '16', '2', '1', '33.475', '1.625', '0.525', '2', 'B', '0.260', '1', '37.900', 1, '0.000', 0, '1.000', '1.000', '50.000', 0, 0),
(944, '2019-05-17', '19', '5', '1', '22.775', '0.925', '0.900', '2', 'B', '0.260', '1', '0.000', 0, '0.000', 0, '0.000', '0.000', '0.000', 0, 0),
(945, '2019-05-17', '12', '4', '1', '25.450', '1.625', '0.225', '2', 'B', '0.260', '1', '0.000', 0, '0.000', 0, '0.000', '0.000', '0.000', 0, 0),
(946, '2019-05-17', '31', '6', '1', '23.675', '1.400', '0.400', '2', 'B', '0.260', '1', '35.600', 1, '69.500', 2, '1.000', '1.000', '0.000', 0, 0),
(947, '2019-05-17', '40', '2', '1', '36.700', '2.125', '0.700', '2', 'B', '0.260', '1', '0.000', 0, '0.000', 0, '0.000', '0.000', '0.000', 0, 0),
(948, '2019-05-17', '6', '5', '1', '22.400', '0.675', '0.325', '2', 'B', '0.260', '1', '16.000', 0, '164.100', 5, '1.000', '0.000', '0.000', 0, 0),
(949, '2019-05-17', '29', '3', '1', '18.025', '2.400', '0.325', '2', 'B', '0.260', '1', '0.000', 0, '61.900', 2, '0.000', '0.000', '0.000', 0, 0),
(950, '2019-05-17', '15', '2', '1', '27.875', '1.675', '0.325', '2', 'B', '0.260', '1', '0.000', 0, '0.000', 0, '0.000', '0.000', '0.000', 0, 0),
(951, '2019-05-17', '7', '3', '1', '25.400', '0.975', '0.450', '2', 'B', '0.260', '1', '0.000', 0, '0.000', 0, '0.000', '0.000', '0.000', 0, 0),
(952, '2019-05-17', '28', '2', '1', '31.175', '2.000', '0.675', '2', 'B', '0.260', '1', '0.000', 0, '0.000', 0, '0.000', '0.000', '0.000', 0, 0),
(953, '2019-05-17', '11', '5', '1', '25.875', '0.925', '0.300', '2', 'B', '0.260', '1', '0.000', 0, '30.900', 1, '0.000', '0.000', '0.000', 0, 0),
(954, '2019-05-17', '18', '4', '1', '14.800', '1.025', '0.400', '2', 'B', '0.260', '1', '0.000', 0, '0.000', 0, '0.000', '0.000', '0.000', 0, 0),
(955, '2019-05-17', '17', '5', '1', '35.100', '4.075', '0.250', '2', 'B', '0.260', '1', '0.000', 0, '35.800', 1, '0.000', '0.000', '0.000', 0, 0),
(956, '2019-05-17', '3', '1', '4', '4.200', '0.009', '0.000', '4', 'B', '0.260', '4', '0.000', 0, '0.000', 0, '0.000', '0.000', '0.000', 0, 0),
(957, '2019-05-17', '33', '1', '4', '6.320', '0.018', '0.000', '4', 'B', '0.260', '4', '0.000', 0, '0.000', 0, '0.000', '0.000', '0.000', 0, 0),
(958, '2019-05-17', '19', '1', '4', '21.420', '0.081', '0.000', '4', 'B', '0.260', '4', '0.000', 0, '0.000', 0, '0.000', '0.000', '0.000', 0, 0),
(959, '2019-05-17', '4', '1', '4', '2.580', '0.018', '0.000', '4', 'B', '0.260', '4', '0.000', 0, '0.000', 0, '0.000', '0.000', '0.000', 0, 0),
(960, '2019-05-17', '16', '1', '4', '2.920', '0.018', '0.000', '4', 'B', '0.260', '4', '0.000', 0, '0.000', 0, '0.000', '0.000', '0.000', 0, 0),
(961, '2019-05-17', '2', '1', '4', '3.260', '0.018', '0.000', '4', 'B', '0.260', '4', '0.000', 0, '0.000', 0, '0.000', '0.000', '0.000', 0, 0),
(962, '2019-05-17', '6', '1', '4', '1.820', '0.009', '0.000', '4', 'B', '0.260', '4', '0.000', 0, '0.000', 0, '0.000', '0.000', '0.000', 0, 0),
(963, '2019-05-17', '12', '1', '4', '2.320', '0.009', '0.000', '4', 'B', '0.260', '4', '0.000', 0, '0.000', 0, '0.000', '0.000', '0.000', 0, 0),
(964, '2019-05-17', '15', '1', '4', '4.400', '0.000', '0.000', '4', 'B', '0.260', '4', '0.000', 0, '0.000', 0, '0.000', '0.000', '0.000', 0, 0),
(965, '2019-05-17', '7', '1', '4', '7.320', '0.000', '0.000', '4', 'B', '0.260', '4', '0.000', 0, '0.000', 0, '0.000', '0.000', '0.000', 0, 0),
(966, '2019-05-17', '18', '1', '4', '2.760', '0.000', '0.000', '4', 'B', '0.260', '4', '0.000', 0, '0.000', 0, '0.000', '0.000', '0.000', 0, 0),
(967, '2019-05-17', '28', '1', '4', '7.680', '0.045', '0.000', '4', 'B', '0.260', '4', '0.000', 0, '0.000', 0, '0.000', '0.000', '0.000', 0, 0),
(968, '2019-05-17', '35', '2', '1', '1105.920', '0.000', '0.000', '1', 'B', '0.260', '1', '0.000', 0, '0.000', 0, '15.000', '16.000', '800.000', 0, 100),
(969, '2019-05-17', '35', '1', '4', '202.046', '33.984', '0.000', '5', 'B', '0.260', '4', '0.000', 0, '0.000', 0, '0.000', '0.000', '0.000', 0, 0),
(970, '2019-05-17', '36', '5', '1', '470.400', '0.000', '0.000', '1', 'B', '0.260', '1', '0.000', 0, '0.000', 0, '0.000', '0.000', '0.000', 0, 0),
(971, '2019-05-17', '37', '4', '1', '257.040', '0.000', '0.000', '1', 'B', '0.260', '1', '0.000', 0, '0.000', 0, '0.000', '0.000', '0.000', 0, 0),
(972, '2019-05-18', '8', '2', '2', '29.800', '2.700', '0.425', '2', 'B', '0.260', '2', '36.500', 1, '63.700', 2, '1.000', '0.000', '0.000', 0, 0),
(973, '2019-05-18', '20', '6', '1', '33.200', '1.800', '0.525', '2', 'B', '0.260', '1', '0.000', 0, '0.000', 0, '0.000', '0.000', '0.000', 0, 0),
(974, '2019-05-18', '4', '3', '1', '29.375', '1.525', '0.450', '2', 'B', '0.260', '1', '0.000', 0, '0.000', 0, '0.000', '0.000', '0.000', 0, 0),
(975, '2019-05-18', '13', '5', '1', '30.800', '2.300', '0.300', '2', 'B', '0.248', '1', '0.000', 0, '0.000', 0, '0.000', '0.000', '0.000', 0, 0),
(976, '2019-05-18', '16', '4', '1', '21.300', '0.825', '0.325', '2', 'B', '0.260', '1', '0.000', 0, '202.400', 6, '0.000', '0.000', '0.000', 0, 0),
(977, '2019-05-18', '10', '3', '1', '40.300', '2.775', '0.450', '2', 'B', '0.260', '1', '36.100', 1, '66.600', 2, '1.000', '1.000', '0.000', 0, 0),
(978, '2019-05-18', '19', '6', '1', '27.250', '1.675', '0.950', '2', 'B', '0.260', '1', '0.000', 0, '0.000', 0, '0.000', '0.000', '0.000', 0, 0),
(979, '2019-05-18', '12', '2', '1', '29.925', '1.750', '0.300', '2', 'B', '0.260', '1', '0.000', 0, '0.000', 0, '0.000', '0.000', '0.000', 0, 0),
(980, '2019-05-18', '18', '5', '1', '32.900', '3.425', '0.225', '2', 'B', '0.260', '1', '0.000', 0, '0.000', 0, '0.000', '0.000', '0.000', 0, 0),
(981, '2019-05-18', '32', '2', '1', '30.400', '1.700', '0.300', '2', 'B', '0.260', '1', '0.000', 0, '0.000', 0, '0.000', '0.000', '0.000', 0, 0),
(982, '2019-05-18', '15', '6', '1', '30.275', '1.700', '0.300', '2', 'B', '0.260', '1', '0.000', 0, '69.900', 2, '0.000', '0.000', '0.000', 0, 0),
(983, '2019-05-18', '28', '4', '1', '21.450', '1.550', '0.375', '2', 'B', '0.260', '1', '0.000', 0, '0.000', 0, '0.000', '0.000', '0.000', 0, 0),
(984, '2019-05-18', '5', '3', '1', '21.800', '1.150', '0.150', '2', 'B', '0.260', '1', '0.000', 0, '0.000', 0, '0.000', '0.000', '0.000', 0, 0),
(985, '2019-05-18', '7', '2', '1', '25.600', '1.125', '0.525', '2', 'B', '0.260', '1', '0.000', 0, '0.000', 0, '0.000', '0.000', '0.000', 0, 0),
(986, '2019-05-18', '40', '6', '1', '11.000', '0.850', '0.350', '2', 'B', '0.260', '1', '0.000', 0, '0.000', 0, '0.000', '0.000', '0.000', 0, 0),
(987, '2019-05-18', '17', '2', '1', '8.825', '0.525', '0.000', '2', 'B', '0.260', '1', '0.000', 0, '0.000', 0, '0.000', '0.000', '0.000', 0, 0),
(988, '2019-05-18', '33', '1', '4', '5.500', '0.018', '0.000', '4', 'B', '0.260', '4', '0.000', 0, '0.000', 0, '0.000', '0.000', '0.000', 0, 0),
(989, '2019-05-18', '16', '1', '4', '3.260', '0.018', '0.000', '4', 'B', '0.260', '4', '0.000', 0, '0.000', 0, '0.000', '0.000', '0.000', 0, 0),
(990, '2019-05-18', '4', '1', '4', '0.720', '0.009', '0.000', '4', 'B', '0.260', '4', '0.000', 0, '0.000', 0, '0.000', '0.000', '0.000', 0, 0),
(991, '2019-05-18', '20', '1', '4', '7.720', '0.045', '0.000', '4', 'B', '0.260', '4', '0.000', 0, '0.000', 0, '0.000', '0.000', '0.000', 0, 0),
(992, '2019-05-18', '19', '1', '4', '17.980', '0.072', '0.000', '4', 'B', '0.260', '4', '0.000', 0, '0.000', 0, '0.000', '0.000', '0.000', 0, 0),
(993, '2019-05-18', '12', '1', '4', '2.380', '0.000', '0.000', '4', 'B', '0.260', '4', '0.000', 0, '0.000', 0, '0.000', '0.000', '0.000', 0, 0),
(994, '2019-05-18', '10', '1', '4', '0.360', '0.009', '0.000', '4', 'B', '0.260', '4', '0.000', 0, '0.000', 0, '0.000', '0.000', '0.000', 0, 0),
(995, '2019-05-18', '40', '1', '4', '0.840', '0.000', '0.000', '4', 'B', '0.260', '4', '0.000', 0, '0.000', 0, '0.000', '0.000', '0.000', 0, 0),
(996, '2019-05-18', '14', '1', '4', '11.500', '0.036', '0.000', '4', 'B', '0.260', '4', '0.000', 0, '0.000', 0, '0.000', '0.000', '0.000', 0, 0),
(997, '2019-05-18', '15', '1', '4', '5.980', '0.000', '0.000', '4', 'B', '0.260', '4', '0.000', 0, '0.000', 0, '0.000', '0.000', '0.000', 0, 0),
(998, '2019-05-18', '18', '1', '4', '5.040', '0.009', '0.000', '4', 'B', '0.260', '4', '0.000', 0, '0.000', 0, '0.000', '0.000', '0.000', 0, 0),
(999, '2019-05-18', '7', '1', '4', '6.720', '0.054', '0.000', '4', 'B', '0.260', '4', '0.000', 0, '0.000', 0, '0.000', '0.000', '0.000', 0, 0),
(1000, '2019-05-18', '27', '2', '1', '3.175', '0.375', '0.025', '2', 'B', '0.260', '1', '0.000', 0, '0.000', 0, '0.000', '0.000', '0.000', 0, 0),
(1001, '2019-05-18', '35', '1', '4', '143.676', '14.400', '0.000', '5', 'B', '0.260', '4', '0.000', 0, '0.000', 0, '0.000', '0.000', '0.000', 0, 0),
(1002, '2019-05-19', '20', '3', '1', '26.525', '1.875', '0.400', '2', 'B', '0.260', '1', '0.000', 0, '0.000', 0, '0.000', '0.000', '0.000', 0, 0),
(1003, '2019-05-19', '3', '5', '1', '33.575', '1.875', '0.375', '2', 'B', '0.260', '1', '35.500', 1, '0.000', 0, '0.000', '0.000', '0.000', 0, 0),
(1004, '2019-05-19', '6', '5', '1', '35.675', '1.050', '0.300', '2', 'B', '0.260', '1', '15.000', 0, '0.000', 0, '0.000', '0.000', '0.000', 0, 0),
(1005, '2019-05-19', '19', '2', '1', '22.025', '1.400', '0.775', '2', 'B', '0.260', '1', '37.200', 1, '0.000', 0, '2.000', '2.000', '100.000', 0, 0),
(1006, '2019-05-19', '2', '6', '1', '38.425', '2.525', '0.575', '2', 'B', '0.260', '1', '37.700', 1, '0.000', 0, '1.000', '1.000', '0.000', 0, 0),
(1007, '2019-05-19', '26', '4', '1', '23.925', '1.425', '0.300', '2', 'B', '0.260', '1', '0.000', 0, '0.000', 0, '0.000', '0.000', '0.000', 0, 0),
(1008, '2019-05-19', '7', '2', '1', '24.450', '0.825', '0.525', '2', 'B', '0.260', '1', '0.000', 0, '0.000', 0, '0.000', '0.000', '0.000', 0, 0),
(1009, '2019-05-19', '17', '2', '1', '41.175', '3.825', '0.300', '2', 'B', '0.260', '1', '0.000', 0, '30.800', 1, '0.000', '0.000', '0.000', 0, 0),
(1010, '2019-05-19', '40', '4', '1', '18.200', '0.925', '0.000', '2', 'B', '0.260', '1', '0.000', 0, '0.000', 0, '0.000', '0.000', '0.000', 0, 0),
(1011, '2019-05-19', '13', '6', '1', '26.625', '1.625', '0.300', '2', 'B', '0.260', '1', '0.000', 0, '96.800', 3, '0.000', '0.000', '0.000', 0, 0),
(1012, '2019-05-19', '3', '1', '4', '4.180', '0.036', '0.000', '4', 'B', '0.260', '4', '0.000', 0, '0.000', 0, '0.000', '0.000', '0.000', 0, 0),
(1013, '2019-05-19', '20', '1', '4', '7.300', '0.054', '0.000', '4', 'B', '0.260', '4', '0.000', 0, '0.000', 0, '0.000', '0.000', '0.000', 0, 0),
(1014, '2019-05-19', '19', '1', '4', '20.660', '0.063', '0.000', '4', 'B', '0.260', '4', '0.000', 0, '0.000', 0, '0.000', '0.000', '0.000', 0, 0),
(1015, '2019-05-19', '2', '1', '4', '4.580', '0.027', '0.000', '4', 'B', '0.260', '4', '0.000', 0, '0.000', 0, '0.000', '0.000', '0.000', 0, 0),
(1016, '2019-05-19', '7', '1', '4', '5.260', '0.045', '0.000', '4', 'B', '0.260', '4', '0.000', 0, '0.000', 0, '0.000', '0.000', '0.000', 0, 0),
(1017, '2019-05-19', '6', '1', '4', '1.200', '0.000', '0.000', '4', 'B', '0.260', '4', '0.000', 0, '0.000', 0, '0.000', '0.000', '0.000', 0, 0),
(1018, '2019-05-19', '35', '1', '4', '114.517', '0.000', '0.000', '4', 'B', '0.260', '4', '0.000', 0, '0.000', 0, '0.000', '0.000', '0.000', 0, 0),
(1019, '2019-05-20', '31', '5', '1', '16.500', '1.450', '0.400', '2', 'B', '0.260', '1', '0.000', 0, '0.000', 0, '0.000', '0.000', '0.000', 0, 0),
(1020, '2019-05-20', '4', '2', '1', '40.075', '1.500', '0.650', '2', 'B', '0.260', '1', '33.400', 1, '0.000', 0, '1.000', '0.000', '0.000', 0, 0),
(1021, '2019-05-20', '19', '3', '1', '23.275', '2.525', '0.850', '2', 'B', '0.260', '1', '0.000', 0, '0.000', 0, '0.000', '0.000', '0.000', 0, 0),
(1022, '2019-05-20', '30', '6', '1', '32.975', '1.775', '0.850', '2', 'B', '0.260', '1', '18.000', 0, '0.000', 0, '1.000', '1.000', '0.000', 0, 0),
(1023, '2019-05-20', '16', '4', '1', '35.650', '1.725', '0.525', '2', 'B', '0.260', '1', '0.000', 0, '0.000', 0, '0.000', '0.000', '0.000', 0, 0),
(1024, '2019-05-20', '12', '6', '1', '32.775', '1.850', '0.325', '2', 'B', '0.260', '1', '0.000', 0, '67.200', 2, '0.000', '0.000', '0.000', 0, 0),
(1025, '2019-05-20', '28', '2', '1', '40.950', '4.025', '0.900', '2', 'B', '0.260', '1', '35.400', 1, '0.000', 0, '1.000', '1.000', '30.000', 0, 0),
(1026, '2019-05-20', '6', '4', '1', '37.200', '1.350', '0.350', '2', 'B', '0.260', '1', '35.200', 1, '0.000', 0, '1.000', '1.000', '0.000', 0, 0),
(1027, '2019-05-20', '7', '5', '1', '23.200', '1.050', '0.525', '2', 'B', '0.260', '1', '40.500', 1, '0.000', 0, '1.000', '0.000', '0.000', 0, 0),
(1028, '2019-05-20', '20', '3', '1', '6.625', '0.000', '0.450', '2', 'B', '0.260', '1', '0.000', 0, '0.000', 0, '0.000', '0.000', '0.000', 0, 0),
(1029, '2019-05-20', '18', '6', '1', '7.100', '0.000', '0.750', '2', 'B', '0.260', '1', '0.000', 0, '0.000', 0, '1.000', '0.000', '0.000', 0, 0),
(1030, '2019-05-20', '15', '2', '1', '32.825', '2.250', '0.300', '2', 'B', '0.260', '1', '39.400', 1, '0.000', 0, '1.000', '0.000', '0.000', 0, 0),
(1031, '2019-05-20', '29', '6', '1', '13.225', '1.050', '0.375', '2', 'B', '0.248', '1', '0.000', 0, '0.000', 0, '0.000', '0.000', '0.000', 0, 0),
(1032, '2019-05-20', '10', '2', '1', '36.450', '2.400', '0.550', '2', 'B', '0.260', '1', '0.000', 0, '0.000', 0, '0.000', '0.000', '0.000', 0, 0),
(1033, '2019-05-20', '5', '4', '1', '13.600', '0.975', '0.150', '2', 'B', '0.260', '1', '0.000', 0, '65.600', 2, '0.000', '0.000', '0.000', 0, 0),
(1034, '2019-05-20', '40', '5', '1', '26.550', '1.300', '0.325', '2', 'B', '0.260', '1', '31.000', 1, '0.000', 0, '1.000', '1.000', '0.000', 0, 0),
(1035, '2019-05-20', '17', '6', '1', '23.875', '1.725', '0.000', '2', 'B', '0.260', '1', '0.000', 0, '0.000', 0, '0.000', '0.000', '0.000', 0, 0),
(1036, '2019-05-20', '19', '1', '4', '15.860', '0.045', '0.000', '4', 'B', '0.260', '4', '0.000', 0, '0.000', 0, '0.000', '0.000', '0.000', 0, 0),
(1037, '2019-05-20', '33', '1', '4', '5.260', '0.018', '0.000', '4', 'B', '0.260', '4', '6.000', 0, '0.000', 0, '1.000', '1.000', '20.000', 0, 0),
(1038, '2019-05-20', '4', '1', '4', '2.860', '0.009', '0.000', '4', 'B', '0.260', '4', '0.000', 0, '0.000', 0, '0.000', '0.000', '0.000', 0, 0),
(1039, '2019-05-20', '16', '1', '4', '5.540', '0.009', '0.000', '4', 'B', '0.260', '4', '0.000', 0, '0.000', 0, '0.000', '0.000', '0.000', 0, 0),
(1040, '2019-05-20', '7', '1', '4', '10.720', '0.027', '0.000', '4', 'B', '0.260', '4', '0.000', 0, '0.000', 0, '0.000', '0.000', '0.000', 0, 0),
(1041, '2019-05-20', '28', '1', '4', '9.620', '0.000', '0.000', '4', 'B', '0.260', '4', '0.000', 0, '0.000', 0, '0.000', '0.000', '0.000', 0, 0),
(1042, '2019-05-20', '18', '1', '4', '5.420', '0.018', '0.000', '4', 'B', '0.260', '4', '0.000', 0, '0.000', 0, '0.000', '0.000', '0.000', 0, 0),
(1043, '2019-05-20', '20', '1', '4', '7.460', '0.036', '0.000', '4', 'B', '0.260', '4', '0.000', 0, '0.000', 0, '0.000', '0.000', '0.000', 0, 0),
(1044, '2019-05-20', '10', '1', '4', '0.520', '0.000', '0.000', '4', 'B', '0.260', '4', '0.000', 0, '0.000', 0, '0.000', '0.000', '0.000', 0, 0),
(1045, '2019-05-20', '12', '1', '4', '5.480', '0.000', '0.000', '4', 'B', '0.260', '4', '0.000', 0, '0.000', 0, '0.000', '0.000', '0.000', 0, 0),
(1046, '2019-05-20', '15', '1', '4', '5.880', '0.000', '0.000', '4', 'B', '0.260', '4', '0.000', 0, '0.000', 0, '0.000', '0.000', '0.000', 0, 0),
(1047, '2019-05-20', '35', '1', '4', '57.668', '17.856', '0.000', '5', 'B', '0.260', '4', '0.000', 0, '0.000', 0, '0.000', '0.000', '0.000', 0, 0),
(1048, '2019-05-22', '3', '2', '1', '32.500', '3.250', '0.525', '2', 'B', '0.260', '1', '0.000', 0, '209.500', 6, '0.000', '0.000', '0.000', 0, 0),
(1049, '2019-05-22', '20', '5', '1', '48.325', '4.050', '0.775', '2', 'B', '0.260', '1', '36.000', 1, '201.900', 6, '1.000', '1.000', '50.000', 0, 0),
(1050, '2019-05-22', '8', '5', '2', '42.775', '2.550', '0.500', '2', 'B', '0.260', '2', '0.000', 0, '0.000', 0, '0.000', '0.000', '0.000', 0, 0),
(1051, '2019-05-22', '13', '4', '1', '40.100', '2.550', '0.375', '2', 'B', '0.252', '1', '39.800', 1, '0.000', 0, '1.000', '1.000', '0.000', 0, 0),
(1052, '2019-05-22', '19', '6', '1', '31.700', '1.400', '1.050', '2', 'B', '0.260', '1', '0.000', 0, '0.000', 0, '0.000', '0.000', '0.000', 0, 0);
INSERT INTO `cont_issue_receive` (`id`, `date`, `cont_name`, `checker_name`, `batch1`, `asal_bidi`, `chant_bidi_pcs`, `chant_bidi_kgs`, `wages`, `qlty`, `tob_wt`, `batch2`, `tob`, `tob_bag`, `leaves`, `leaves_bag`, `bl_yarn`, `wh_yarn`, `filter`, `disc`, `cartons`) VALUES
(1053, '2019-05-22', '7', '4', '1', '38.150', '1.600', '1.000', '2', 'B', '0.260', '1', '0.000', 0, '0.000', 0, '0.000', '0.000', '0.000', 0, 0),
(1054, '2019-05-22', '4', '6', '1', '38.000', '2.700', '0.900', '2', 'B', '0.260', '1', '0.000', 0, '0.000', 0, '0.000', '0.000', '0.000', 0, 0),
(1055, '2019-05-22', '18', '4', '1', '43.000', '3.400', '0.900', '2', 'B', '0.260', '1', '39.200', 1, '259.000', 8, '1.000', '0.000', '0.000', 0, 0),
(1056, '2019-05-22', '16', '5', '1', '40.175', '1.550', '0.725', '2', 'B', '0.260', '1', '0.000', 0, '0.000', 0, '0.000', '0.000', '0.000', 0, 0),
(1057, '2019-05-22', '6', '6', '1', '37.950', '1.525', '0.300', '2', 'B', '0.260', '1', '0.000', 0, '0.000', 0, '0.000', '0.000', '0.000', 0, 0),
(1058, '2019-05-22', '12', '6', '1', '27.525', '0.900', '0.375', '2', 'B', '0.260', '1', '34.900', 1, '0.000', 0, '2.000', '1.000', '0.000', 0, 0),
(1059, '2019-05-22', '28', '5', '1', '34.425', '2.850', '0.850', '2', 'B', '0.260', '1', '0.000', 0, '168.200', 5, '0.000', '0.000', '0.000', 0, 0),
(1060, '2019-05-22', '11', '3', '1', '31.400', '1.075', '0.300', '2', 'B', '0.260', '1', '0.000', 0, '28.500', 1, '0.000', '0.000', '0.000', 0, 0),
(1061, '2019-05-22', '14', '3', '1', '30.450', '1.100', '0.300', '2', 'B', '0.260', '1', '0.000', 0, '0.000', 0, '0.000', '0.000', '0.000', 0, 0),
(1062, '2019-05-22', '15', '6', '1', '16.500', '0.700', '0.450', '2', 'B', '0.260', '1', '0.000', 0, '0.000', 0, '0.000', '0.000', '0.000', 0, 0),
(1063, '2019-05-22', '2', '6', '1', '29.300', '0.900', '1.200', '2', 'B', '0.260', '1', '0.000', 0, '0.000', 0, '0.000', '0.000', '0.000', 0, 0),
(1064, '2019-05-22', '40', '3', '1', '0.000', '0.000', '0.000', '2', 'B', '0.260', '1', '0.000', 0, '64.100', 2, '0.000', '0.000', '0.000', 0, 0),
(1065, '2019-05-22', '5', '5', '1', '0.000', '0.000', '0.000', '2', 'B', '0.260', '1', '37.500', 1, '0.000', 0, '1.000', '0.000', '0.000', 0, 0),
(1066, '2019-05-22', '17', '2', '1', '0.000', '0.000', '0.000', '2', 'B', '0.260', '1', '34.300', 1, '95.000', 3, '1.000', '1.000', '0.000', 0, 0),
(1067, '2019-05-22', '26', '2', '1', '26.450', '1.625', '0.300', '2', 'B', '0.260', '1', '0.000', 0, '0.000', 0, '0.000', '0.000', '0.000', 0, 0),
(1068, '2019-05-22', '20', '1', '4', '9.100', '0.027', '0.000', '4', 'B', '0.260', '4', '0.000', 0, '0.000', 0, '0.000', '0.000', '0.000', 0, 0),
(1069, '2019-05-22', '3', '1', '4', '11.940', '0.054', '0.000', '4', 'B', '0.260', '4', '0.000', 0, '0.000', 0, '0.000', '0.000', '0.000', 0, 0),
(1070, '2019-05-22', '19', '1', '4', '22.600', '0.090', '0.000', '4', 'B', '0.260', '4', '0.000', 0, '0.000', 0, '0.000', '0.000', '0.000', 0, 0),
(1071, '2019-05-22', '33', '1', '4', '5.820', '0.036', '0.000', '4', 'B', '0.260', '4', '0.000', 0, '0.000', 0, '0.000', '0.000', '0.000', 0, 0),
(1072, '2019-05-22', '2', '1', '4', '6.320', '0.000', '0.000', '4', 'B', '0.260', '4', '0.000', 0, '0.000', 0, '0.000', '0.000', '0.000', 0, 0),
(1073, '2019-05-22', '7', '1', '4', '12.640', '0.063', '0.000', '4', 'B', '0.260', '4', '0.000', 0, '0.000', 0, '0.000', '0.000', '0.000', 0, 0),
(1074, '2019-05-22', '16', '1', '4', '4.500', '0.027', '0.000', '4', 'B', '0.260', '4', '0.000', 0, '0.000', 0, '0.000', '0.000', '0.000', 0, 0),
(1075, '2019-05-22', '4', '1', '4', '3.140', '0.018', '0.000', '4', 'B', '0.260', '4', '0.000', 0, '0.000', 0, '0.000', '0.000', '0.000', 0, 0),
(1076, '2019-05-22', '12', '1', '4', '5.720', '0.027', '0.000', '4', 'B', '0.260', '4', '0.000', 0, '0.000', 0, '0.000', '0.000', '0.000', 0, 0),
(1077, '2019-05-22', '18', '1', '4', '6.840', '0.036', '0.000', '4', 'B', '0.260', '4', '0.000', 0, '0.000', 0, '0.000', '0.000', '0.000', 0, 0),
(1078, '2019-05-22', '14', '1', '4', '14.880', '0.000', '0.000', '4', 'B', '0.260', '4', '0.000', 0, '0.000', 0, '0.000', '0.000', '0.000', 0, 0),
(1079, '2019-05-22', '28', '1', '4', '7.560', '0.000', '0.000', '4', 'B', '0.260', '4', '0.000', 0, '0.000', 0, '0.000', '0.000', '0.000', 0, 0),
(1080, '2019-05-22', '15', '1', '4', '7.040', '0.000', '0.000', '4', 'B', '0.260', '4', '0.000', 0, '0.000', 0, '0.000', '0.000', '0.000', 0, 0),
(1081, '2019-05-23', '4', '3', '1', '22.650', '2.400', '0.550', '2', 'B', '0.260', '1', '0.000', 0, '0.000', 0, '0.000', '0.000', '0.000', 0, 0),
(1082, '2019-05-23', '19', '3', '1', '25.775', '1.650', '0.825', '2', 'B', '0.260', '1', '33.600', 1, '0.000', 0, '0.000', '0.000', '0.000', 0, 0),
(1083, '2019-05-23', '2', '6', '1', '15.525', '4.700', '0.000', '2', 'B', '0.260', '1', '0.000', 0, '0.000', 0, '0.000', '0.000', '0.000', 0, 0),
(1084, '2019-05-23', '10', '2', '1', '44.000', '4.350', '0.375', '2', 'B', '0.260', '1', '34.100', 1, '137.300', 4, '1.000', '0.000', '0.000', 0, 0),
(1085, '2019-05-23', '40', '6', '1', '30.600', '1.900', '0.325', '2', 'B', '0.260', '1', '0.000', 0, '0.000', 0, '0.000', '0.000', '0.000', 0, 0),
(1086, '2019-05-23', '7', '5', '1', '29.700', '1.975', '1.000', '2', 'B', '0.260', '1', '0.000', 0, '0.000', 0, '0.000', '0.000', '0.000', 0, 0),
(1087, '2019-05-23', '16', '3', '1', '16.275', '0.850', '0.375', '2', 'B', '0.260', '1', '36.300', 1, '0.000', 0, '1.000', '0.000', '0.000', 0, 0),
(1088, '2019-05-23', '6', '5', '1', '34.000', '1.625', '0.300', '2', 'B', '0.260', '1', '0.000', 0, '0.000', 0, '4.000', '1.000', '0.000', 0, 0),
(1089, '2019-05-23', '15', '3', '1', '15.375', '1.300', '0.000', '2', 'B', '0.260', '1', '0.000', 0, '0.000', 0, '0.000', '0.000', '0.000', 0, 0),
(1090, '2019-05-23', '12', '6', '1', '11.450', '1.400', '0.000', '2', 'B', '0.260', '1', '0.000', 0, '0.000', 0, '0.000', '0.000', '0.000', 0, 0),
(1091, '2019-05-23', '5', '3', '1', '17.125', '1.000', '0.150', '2', 'B', '0.220', '1', '0.000', 0, '0.000', 0, '0.000', '0.000', '0.000', 0, 0),
(1092, '2019-05-23', '28', '3', '1', '32.200', '3.275', '0.975', '2', 'B', '0.260', '1', '0.000', 0, '0.000', 0, '0.000', '0.000', '0.000', 0, 0),
(1093, '2019-05-23', '29', '2', '1', '17.150', '1.675', '0.375', '2', 'B', '0.260', '1', '37.300', 1, '0.000', 0, '2.000', '1.000', '0.000', 0, 0),
(1094, '2019-05-23', '17', '6', '1', '55.425', '1.400', '0.000', '2', 'B', '0.260', '1', '0.000', 0, '0.000', 0, '0.000', '0.000', '0.000', 0, 0),
(1095, '2019-05-23', '18', '2', '1', '31.750', '3.000', '0.000', '2', 'B', '0.260', '1', '0.000', 0, '0.000', 0, '0.000', '0.000', '0.000', 0, 0),
(1096, '2019-05-23', '19', '6', '4', '27.260', '0.099', '0.000', '4', 'B', '0.260', '4', '0.000', 0, '0.000', 0, '0.000', '0.000', '0.000', 0, 0),
(1097, '2019-05-23', '33', '1', '4', '3.980', '0.000', '0.000', '4', 'B', '0.260', '4', '0.000', 0, '34.600', 1, '0.000', '0.000', '0.000', 0, 0),
(1098, '2019-05-23', '7', '1', '4', '5.620', '0.000', '0.000', '4', 'B', '0.260', '4', '0.000', 0, '0.000', 0, '0.000', '0.000', '0.000', 0, 0),
(1099, '2019-05-23', '4', '1', '4', '1.960', '0.009', '0.000', '4', 'B', '0.260', '4', '0.000', 0, '0.000', 0, '0.000', '0.000', '0.000', 0, 0),
(1100, '2019-05-23', '16', '1', '4', '1.960', '0.009', '0.000', '4', 'B', '0.260', '4', '0.000', 0, '0.000', 0, '0.000', '0.000', '0.000', 0, 0),
(1101, '2019-05-23', '6', '1', '4', '1.520', '0.000', '0.000', '4', 'B', '0.260', '4', '0.000', 0, '0.000', 0, '0.000', '0.000', '0.000', 0, 0),
(1102, '2019-05-23', '18', '1', '4', '2.060', '0.000', '0.000', '4', 'B', '0.260', '4', '0.000', 0, '0.000', 0, '0.000', '0.000', '0.000', 0, 0),
(1103, '2019-05-23', '28', '1', '4', '3.120', '0.018', '0.000', '4', 'B', '0.260', '4', '0.000', 0, '0.000', 0, '0.000', '0.000', '0.000', 0, 0),
(1104, '2019-05-23', '40', '1', '4', '1.680', '0.000', '0.000', '4', 'B', '0.260', '4', '0.000', 0, '0.000', 0, '0.000', '0.000', '0.000', 0, 0),
(1105, '2019-05-23', '35', '1', '4', '114.634', '0.000', '0.000', '5', 'B', '0.260', '4', '0.000', 0, '0.000', 0, '0.000', '0.000', '0.000', 0, 0),
(1106, '2019-05-24', '20', '3', '1', '24.075', '2.600', '0.325', '4', 'B', '0.260', '', '0.000', 0, '0.000', 0, '0.000', '0.000', '0.000', 0, 0),
(1107, '2019-05-24', '3', '5', '1', '34.825', '3.375', '0.400', '2', 'B', '0.260', '1', '0.000', 0, '0.000', 0, '0.000', '0.000', '0.000', 0, 0),
(1108, '2019-05-24', '13', '2', '1', '25.250', '3.075', '0.400', '2', 'B', '0.260', '1', '0.000', 0, '0.000', 0, '0.000', '0.000', '0.000', 0, 0),
(1109, '2019-05-24', '2', '6', '1', '38.975', '4.075', '0.975', '2', 'B', '0.260', '1', '0.000', 0, '0.000', 0, '0.000', '0.000', '0.000', 0, 0),
(1110, '2019-05-24', '19', '4', '1', '27.525', '1.625', '0.825', '2', 'B', '0.260', '1', '0.000', 0, '0.000', 0, '0.000', '0.000', '0.000', 0, 0),
(1111, '2019-05-24', '4', '5', '1', '17.150', '1.700', '0.475', '2', 'B', '0.260', '1', '0.000', 0, '0.000', 0, '0.000', '0.000', '0.000', 0, 0),
(1112, '2019-05-24', '16', '6', '1', '20.125', '1.300', '0.475', '2', 'B', '0.260', '1', '0.000', 0, '0.000', 0, '0.000', '0.000', '0.000', 0, 0),
(1113, '2019-05-24', '12', '3', '1', '42.600', '2.425', '0.425', '2', 'B', '0.260', '1', '0.000', 0, '0.000', 0, '0.000', '0.000', '0.000', 0, 0),
(1114, '2019-05-24', '31', '6', '1', '25.750', '2.750', '0.400', '2', 'B', '0.260', '1', '0.000', 0, '0.000', 0, '0.000', '0.000', '0.000', 0, 0),
(1115, '2019-05-24', '6', '3', '1', '35.400', '2.800', '0.325', '2', 'B', '0.260', '1', '0.000', 0, '0.000', 0, '0.000', '0.000', '0.000', 0, 0),
(1116, '2019-05-24', '18', '5', '1', '44.875', '2.925', '0.700', '2', 'B', '0.260', '1', '0.000', 0, '0.000', 0, '0.000', '0.000', '0.000', 0, 0),
(1117, '2019-05-24', '40', '6', '1', '26.875', '1.875', '0.300', '2', 'B', '0.260', '1', '0.000', 0, '0.000', 0, '0.000', '0.000', '0.000', 0, 0),
(1118, '2019-05-24', '15', '4', '1', '28.675', '1.625', '0.375', '2', 'B', '0.260', '1', '0.000', 0, '0.000', 0, '0.000', '0.000', '0.000', 0, 0),
(1119, '2019-05-24', '7', '5', '1', '28.500', '1.450', '1.000', '2', 'B', '0.260', '1', '0.000', 0, '0.000', 0, '2.000', '1.000', '100.000', 0, 0),
(1120, '2019-05-24', '26', '5', '1', '22.025', '0.450', '0.525', '2', 'B', '0.260', '1', '33.700', 1, '0.000', 0, '1.000', '0.000', '0.000', 0, 0),
(1121, '2019-05-24', '3', '1', '4', '6.900', '0.054', '0.000', '4', 'B', '0.260', '4', '0.000', 0, '0.000', 0, '0.000', '0.000', '0.000', 0, 0),
(1122, '2019-05-24', '20', '1', '4', '10.700', '0.036', '0.000', '4', 'B', '0.260', '4', '0.000', 0, '0.000', 0, '0.000', '0.000', '0.000', 0, 0),
(1123, '2019-05-24', '33', '1', '4', '5.180', '0.018', '0.000', '4', 'B', '0.260', '4', '0.000', 0, '0.000', 0, '0.000', '0.000', '0.000', 0, 0),
(1124, '2019-05-24', '2', '1', '4', '2.600', '0.009', '0.000', '4', 'B', '0.260', '4', '0.000', 0, '0.000', 0, '0.000', '0.000', '0.000', 0, 0),
(1125, '2019-05-24', '19', '1', '4', '24.480', '0.117', '0.000', '4', 'B', '0.260', '4', '0.000', 0, '0.000', 0, '0.000', '0.000', '0.000', 0, 0),
(1126, '2019-05-24', '16', '1', '4', '2.180', '0.009', '0.000', '4', 'B', '0.260', '4', '0.000', 0, '0.000', 0, '0.000', '0.000', '0.000', 0, 0),
(1127, '2019-05-24', '12', '1', '4', '5.000', '0.036', '0.000', '4', 'B', '0.260', '4', '0.000', 0, '0.000', 0, '0.000', '0.000', '0.000', 0, 0),
(1128, '2019-05-24', '15', '1', '4', '3.000', '0.000', '0.000', '4', 'B', '0.260', '4', '0.000', 0, '0.000', 0, '0.000', '0.000', '0.000', 0, 0),
(1129, '2019-05-24', '18', '1', '4', '4.320', '0.000', '0.000', '4', 'B', '0.260', '4', '0.000', 0, '0.000', 0, '0.000', '0.000', '0.000', 0, 0),
(1130, '2019-05-24', '7', '1', '4', '8.340', '0.000', '0.000', '4', 'B', '0.260', '4', '0.000', 0, '0.000', 0, '0.000', '0.000', '0.000', 0, 0),
(1131, '2019-05-24', '38', '2', '1', '516.892', '0.000', '0.000', '6', 'B', '0.260', '1', '0.000', 0, '0.000', 0, '0.000', '0.000', '0.000', 0, 0),
(1132, '2019-05-24', '35', '1', '4', '55.263', '0.000', '0.000', '5', 'B', '0.260', '4', '0.000', 0, '0.000', 0, '0.000', '0.000', '0.000', 0, 0),
(1133, '2019-05-24', '37', '3', '1', '0.000', '0.000', '0.000', '1', 'B', '0.260', '1', '0.000', 0, '0.000', 0, '15.000', '0.000', '0.000', 0, 0),
(1134, '2019-05-24', '28', '1', '1', '0.000', '0.000', '0.000', '2', 'B', '0.260', '1', '0.000', 0, '0.000', 0, '4.000', '2.000', '0.000', 0, 0),
(1135, '2019-05-25', '8', '5', '2', '32.775', '2.900', '0.300', '2', 'B', '0.260', '2', '0.000', 0, '66.500', 2, '0.000', '0.000', '0.000', 0, 0),
(1136, '2019-05-25', '11', '2', '1', '28.875', '2.050', '0.300', '2', 'B', '0.260', '1', '0.000', 0, '0.000', 0, '0.000', '0.000', '0.000', 0, 0),
(1137, '2019-05-25', '10', '4', '1', '45.000', '2.800', '0.375', '2', 'B', '0.260', '1', '0.000', 0, '0.000', 0, '0.000', '0.000', '0.000', 0, 0),
(1138, '2019-05-25', '19', '6', '1', '30.475', '1.850', '1.400', '2', 'B', '0.260', '2', '38.800', 1, '262.200', 8, '2.000', '1.000', '50.000', 0, 0),
(1139, '2019-05-25', '4', '2', '1', '41.650', '2.325', '0.900', '2', 'B', '0.260', '2', '38.200', 1, '186.800', 6, '1.000', '0.000', '20.000', 0, 0),
(1140, '2019-05-25', '30', '4', '1', '53.900', '2.850', '0.950', '2', 'B', '0.260', '1', '0.000', 0, '0.000', 0, '0.000', '0.000', '0.000', 0, 0),
(1141, '2019-05-25', '12', '6', '1', '24.400', '1.175', '0.375', '2', 'B', '0.260', '2', '0.000', 0, '60.800', 2, '0.000', '0.000', '0.000', 0, 0),
(1142, '2019-05-25', '16', '4', '1', '27.675', '1.450', '0.550', '2', 'B', '0.260', '1', '0.000', 0, '0.000', 0, '0.000', '0.000', '0.000', 0, 0),
(1143, '2019-05-25', '20', '2', '1', '21.500', '1.575', '0.700', '2', 'B', '0.260', '1', '0.000', 0, '0.000', 0, '0.000', '0.000', '0.000', 0, 0),
(1144, '2019-05-25', '3', '3', '1', '15.100', '1.025', '0.325', '2', 'B', '0.260', '1', '39.100', 1, '0.000', 0, '1.000', '0.000', '0.000', 0, 0),
(1145, '2019-05-25', '14', '4', '1', '27.100', '1.425', '0.300', '2', 'B', '0.260', '2', '0.000', 0, '58.800', 2, '0.000', '0.000', '0.000', 0, 0),
(1146, '2019-05-25', '40', '6', '1', '27.375', '1.300', '0.475', '2', 'B', '0.260', '2', '35.400', 1, '63.300', 2, '1.000', '0.000', '0.000', 0, 0),
(1147, '2019-05-25', '28', '4', '1', '40.900', '2.500', '1.025', '2', 'B', '0.260', '1', '37.100', 1, '0.000', 0, '0.000', '0.000', '0.000', 0, 0),
(1148, '2019-05-25', '18', '2', '1', '33.375', '1.850', '0.700', '2', 'B', '0.260', '1', '0.000', 0, '0.000', 0, '0.000', '0.000', '0.000', 0, 0),
(1149, '2019-05-25', '13', '5', '1', '31.650', '2.300', '0.400', '2', 'B', '0.260', '1', '0.000', 0, '0.000', 0, '0.000', '0.000', '0.000', 0, 0),
(1150, '2019-05-25', '6', '4', '1', '25.550', '0.875', '0.375', '2', 'B', '0.260', '1', '0.000', 0, '0.000', 0, '0.000', '0.000', '0.000', 0, 0),
(1151, '2019-05-25', '5', '6', '1', '17.000', '1.650', '0.225', '2', 'B', '0.260', '1', '0.000', 0, '0.000', 0, '0.000', '0.000', '0.000', 0, 0),
(1152, '2019-05-25', '15', '4', '1', '16.075', '4.275', '0.225', '2', 'B', '0.260', '2', '0.000', 0, '60.600', 2, '0.000', '0.000', '0.000', 0, 0),
(1153, '2019-05-25', '7', '3', '1', '17.750', '1.500', '1.000', '2', 'B', '0.260', '2', '40.600', 1, '191.400', 6, '0.000', '0.000', '0.000', 0, 0),
(1154, '2019-05-25', '17', '5', '1', '50.450', '5.075', '0.300', '2', 'B', '0.260', '1', '0.000', 0, '0.000', 0, '0.000', '0.000', '0.000', 0, 0),
(1155, '2019-05-25', '29', '2', '1', '14.000', '1.700', '0.325', '2', 'B', '0.260', '1', '0.000', 0, '0.000', 0, '0.000', '0.000', '0.000', 0, 0),
(1156, '2019-05-25', '31', '6', '1', '30.375', '2.325', '0.450', '2', 'B', '0.260', '1', '0.000', 0, '0.000', 0, '0.000', '0.000', '0.000', 0, 0),
(1157, '2019-05-25', '27', '4', '1', '6.125', '0.300', '0.000', '2', 'B', '0.260', '1', '0.000', 0, '0.000', 0, '0.000', '0.000', '0.000', 0, 0),
(1158, '2019-05-25', '45', '5', '1', '3.675', '0.000', '0.000', '2', 'B', '0.260', '1', '0.000', 0, '0.000', 0, '0.000', '0.000', '0.000', 0, 0),
(1159, '2019-05-25', '19', '1', '4', '20.480', '0.108', '0.000', '4', 'B', '0.260', '4', '0.000', 0, '0.000', 0, '0.000', '0.000', '0.000', 0, 0),
(1160, '2019-05-25', '4', '1', '4', '1.920', '0.027', '0.000', '4', 'B', '0.260', '4', '0.000', 0, '0.000', 0, '0.000', '0.000', '0.000', 0, 0),
(1161, '2019-05-25', '16', '1', '4', '3.580', '0.027', '0.000', '4', 'B', '0.260', '4', '0.000', 0, '0.000', 0, '0.000', '0.000', '0.000', 0, 0),
(1162, '2019-05-25', '3', '1', '4', '3.840', '0.018', '0.000', '4', 'B', '0.260', '4', '0.000', 0, '0.000', 0, '0.000', '0.000', '0.000', 0, 0),
(1163, '2019-05-25', '33', '1', '4', '4.240', '0.036', '0.000', '4', 'B', '0.260', '4', '0.000', 0, '0.000', 0, '0.000', '0.000', '0.000', 0, 0),
(1164, '2019-05-25', '20', '1', '4', '11.520', '0.000', '0.000', '4', 'B', '0.260', '4', '0.000', 0, '0.000', 0, '0.000', '0.000', '0.000', 0, 0),
(1165, '2019-05-25', '14', '1', '4', '12.200', '0.000', '0.000', '4', 'B', '0.260', '4', '0.000', 0, '0.000', 0, '0.000', '0.000', '0.000', 0, 0),
(1166, '2019-05-25', '40', '1', '4', '0.940', '0.000', '0.000', '4', 'B', '0.260', '4', '0.000', 0, '0.000', 0, '0.000', '0.000', '0.000', 0, 0),
(1167, '2019-05-25', '28', '1', '4', '8.320', '0.000', '0.000', '4', 'B', '0.260', '4', '0.000', 0, '0.000', 0, '0.000', '0.000', '0.000', 0, 0),
(1168, '2019-05-25', '15', '1', '4', '5.000', '0.000', '0.000', '4', 'B', '0.260', '4', '0.000', 0, '0.000', 0, '0.000', '0.000', '0.000', 0, 0),
(1169, '2019-05-25', '18', '1', '4', '4.340', '0.000', '0.000', '4', 'B', '0.260', '4', '0.000', 0, '0.000', 0, '0.000', '0.000', '0.000', 0, 0),
(1170, '2019-05-25', '7', '1', '4', '6.200', '0.000', '0.000', '4', 'B', '0.260', '4', '0.000', 0, '0.000', 0, '0.000', '0.000', '0.000', 0, 0),
(1171, '2019-05-25', '42', '2', '5', '6201.600', '0.000', '0.000', '3', 'B', '0.260', '5', '1771.400', 50, '3137.000', 82, '0.000', '32.000', '0.000', 0, 0),
(1172, '2019-05-25', '36', '5', '1', '687.288', '0.000', '0.000', '1', 'B', '0.260', '1', '259.100', 7, '0.000', 0, '15.000', '0.000', '0.000', 0, 50),
(1173, '2019-05-25', '35', '4', '1', '1219.680', '0.000', '0.000', '1', 'B', '0.260', '1', '978.400', 0, '0.000', 0, '30.000', '16.000', '400.000', 0, 0),
(1174, '2019-05-25', '35', '1', '4', '56.108', '0.000', '0.000', '5', 'B', '0.260', '4', '0.000', 0, '0.000', 0, '0.000', '0.000', '0.000', 0, 0),
(1175, '2019-05-25', '12', '1', '4', '7.000', '0.036', '0.000', '4', 'B', '0.260', '4', '0.000', 0, '0.000', 0, '0.000', '0.000', '0.000', 0, 0),
(1176, '2019-05-26', '19', '5', '1', '28.150', '1.700', '1.050', '2', 'B', '0.260', '1', '0.000', 0, '0.000', 0, '0.000', '0.000', '0.000', 0, 0),
(1177, '2019-05-26', '3', '2', '1', '25.475', '1.875', '0.375', '2', 'B', '0.260', '1', '0.000', 0, '0.000', 0, '0.000', '0.000', '0.000', 0, 0),
(1178, '2019-05-26', '20', '4', '1', '20.175', '2.300', '0.550', '2', 'B', '0.260', '1', '42.400', 1, '0.000', 0, '2.000', '1.000', '0.000', 0, 0),
(1179, '2019-05-26', '2', '3', '1', '38.925', '2.225', '1.600', '2', 'B', '0.260', '1', '33.900', 1, '0.000', 0, '1.000', '1.000', '0.000', 0, 0),
(1180, '2019-05-26', '16', '3', '1', '17.725', '0.775', '0.350', '2', 'B', '0.260', '1', '0.000', 0, '0.000', 0, '0.000', '0.000', '0.000', 0, 0),
(1181, '2019-05-26', '4', '6', '1', '19.200', '0.900', '0.375', '2', 'B', '0.260', '1', '0.000', 0, '0.000', 0, '0.000', '0.000', '0.000', 0, 0),
(1182, '2019-05-26', '14', '2', '1', '6.725', '0.450', '0.000', '2', 'B', '0.260', '1', '36.200', 1, '0.000', 0, '1.000', '1.000', '50.000', 0, 0),
(1183, '2019-05-26', '6', '4', '1', '24.725', '0.975', '0.000', '2', 'B', '0.260', '1', '0.000', 0, '0.000', 0, '0.000', '0.000', '0.000', 0, 0),
(1184, '2019-05-26', '7', '3', '1', '11.450', '0.425', '0.500', '2', 'B', '0.260', '1', '0.000', 0, '0.000', 0, '0.000', '0.000', '0.000', 0, 0),
(1185, '2019-05-26', '15', '5', '1', '12.700', '1.075', '0.175', '2', 'B', '0.260', '1', '0.000', 0, '0.000', 0, '0.000', '0.000', '0.000', 0, 0),
(1186, '2019-05-26', '18', '2', '1', '17.000', '1.075', '0.425', '2', 'B', '0.260', '1', '38.900', 1, '0.000', 0, '1.000', '1.000', '5.000', 0, 0),
(1187, '2019-05-26', '26', '5', '1', '23.850', '0.325', '0.000', '2', 'B', '0.260', '1', '0.000', 0, '0.000', 0, '0.000', '0.000', '0.000', 0, 0),
(1188, '2019-05-26', '17', '2', '1', '34.850', '6.225', '0.000', '2', 'B', '0.260', '1', '39.600', 1, '0.000', 0, '2.000', '1.000', '0.000', 0, 0),
(1189, '2019-05-26', '11', '3', '1', '18.275', '1.250', '0.325', '2', 'B', '0.260', '2', '0.000', 0, '29.900', 1, '0.000', '0.000', '0.000', 0, 0),
(1190, '2019-05-26', '13', '3', '1', '30.275', '2.450', '0.600', '2', 'B', '0.260', '2', '0.000', 0, '60.000', 2, '0.000', '0.000', '0.000', 0, 0),
(1191, '2019-05-26', '28', '2', '1', '23.175', '2.175', '0.525', '2', 'B', '0.260', '1', '0.000', 0, '0.000', 0, '0.000', '0.000', '0.000', 0, 0),
(1192, '2019-05-26', '10', '2', '1', '38.525', '1.950', '0.375', '2', 'B', '0.260', '1', '0.000', 0, '0.000', 0, '0.000', '0.000', '0.000', 0, 0),
(1193, '2019-05-26', '5', '5', '1', '10.300', '2.225', '0.000', '2', 'B', '0.260', '1', '0.000', 0, '0.000', 0, '0.000', '0.000', '0.000', 0, 0),
(1194, '2019-05-26', '19', '1', '4', '19.560', '0.099', '0.000', '4', 'B', '0.260', '4', '0.000', 0, '0.000', 0, '0.000', '0.000', '0.000', 0, 0),
(1195, '2019-05-26', '20', '1', '4', '6.120', '0.000', '0.000', '4', 'B', '0.260', '4', '0.000', 0, '0.000', 0, '0.000', '0.000', '0.000', 0, 0),
(1196, '2019-05-26', '14', '1', '4', '3.560', '0.000', '0.000', '4', 'B', '0.260', '4', '0.000', 0, '0.000', 0, '0.000', '0.000', '0.000', 0, 0),
(1197, '2019-05-26', '33', '1', '4', '3.800', '0.000', '0.000', '4', 'B', '0.260', '4', '7.000', 0, '0.000', 0, '0.000', '0.000', '5.000', 0, 0),
(1198, '2019-05-26', '2', '1', '4', '5.020', '0.000', '0.000', '4', 'B', '0.260', '4', '0.000', 0, '0.000', 0, '0.000', '0.000', '0.000', 0, 0),
(1199, '2019-05-26', '4', '1', '4', '1.740', '0.027', '0.000', '4', 'B', '0.260', '4', '0.000', 0, '0.000', 0, '0.000', '0.000', '0.000', 0, 0),
(1200, '2019-05-26', '16', '1', '4', '2.060', '0.027', '0.000', '4', 'B', '0.260', '4', '0.000', 0, '0.000', 0, '0.000', '0.000', '0.000', 0, 0),
(1201, '2019-05-26', '7', '1', '4', '5.260', '0.036', '0.000', '4', 'B', '0.260', '4', '0.000', 0, '0.000', 0, '0.000', '0.000', '0.000', 0, 0),
(1202, '2019-05-26', '15', '1', '4', '1.320', '0.000', '0.000', '4', 'B', '0.260', '4', '0.000', 0, '0.000', 0, '0.000', '0.000', '0.000', 0, 0),
(1203, '2019-05-26', '18', '1', '4', '2.800', '0.000', '0.000', '4', 'B', '0.260', '4', '0.000', 0, '0.000', 0, '0.000', '0.000', '0.000', 0, 0),
(1204, '2019-05-26', '28', '1', '4', '5.860', '0.000', '0.000', '4', 'B', '0.260', '4', '0.000', 0, '0.000', 0, '0.000', '0.000', '0.000', 0, 0),
(1205, '2019-05-26', '12', '2', '1', '0.000', '0.000', '0.000', '2', 'B', '0.260', '1', '37.200', 1, '0.000', 0, '1.000', '0.000', '5.000', 0, 0),
(1206, '2019-05-26', '45', '5', '1', '0.000', '0.000', '0.000', '2', 'B', '0.260', '1', '0.000', 0, '32.800', 1, '0.000', '0.000', '0.000', 0, 0),
(1207, '2019-05-27', '8', '5', '2', '27.025', '3.375', '0.325', '2', 'B', '0.260', '2', '38.600', 1, '0.000', 0, '1.000', '1.000', '0.000', 0, 0),
(1208, '2019-05-27', '30', '2', '1', '30.600', '1.650', '0.750', '2', 'B', '0.260', '1', '33.700', 1, '0.000', 0, '0.000', '0.000', '0.000', 0, 0),
(1209, '2019-05-27', '19', '6', '1', '29.525', '1.650', '0.825', '2', 'B', '0.260', '1', '33.500', 1, '0.000', 0, '0.000', '0.000', '100.000', 0, 0),
(1210, '2019-05-27', '16', '4', '1', '31.375', '1.425', '0.450', '2', 'B', '0.260', '1', '39.900', 1, '0.000', 0, '1.000', '1.000', '0.000', 0, 0),
(1211, '2019-05-27', '20', '3', '1', '17.000', '1.350', '0.425', '2', 'B', '0.260', '1', '0.000', 0, '0.000', 0, '0.000', '0.000', '0.000', 0, 0),
(1212, '2019-05-27', '3', '6', '1', '14.675', '1.025', '0.300', '2', 'B', '0.260', '1', '0.000', 0, '0.000', 0, '0.000', '0.000', '0.000', 0, 0),
(1213, '2019-05-27', '12', '6', '2', '38.750', '2.200', '0.375', '2', 'B', '0.260', '2', '0.000', 0, '64.500', 2, '0.000', '0.000', '0.000', 0, 0),
(1214, '2019-05-27', '7', '5', '1', '21.050', '0.700', '0.600', '2', 'B', '0.260', '1', '0.000', 0, '0.000', 0, '0.000', '0.000', '0.000', 0, 0),
(1215, '2019-05-27', '6', '2', '1', '23.125', '1.000', '0.225', '2', 'B', '0.260', '2', '38.700', 1, '29.100', 1, '0.000', '0.000', '10.000', 0, 0),
(1216, '2019-05-27', '18', '4', '1', '23.525', '1.850', '0.300', '2', 'B', '0.260', '1', '0.000', 0, '0.000', 0, '0.000', '0.000', '0.000', 0, 0),
(1217, '2019-05-27', '4', '3', '1', '23.000', '1.075', '0.450', '2', 'B', '0.260', '1', '0.000', 0, '0.000', 0, '0.000', '0.000', '0.000', 0, 0),
(1218, '2019-05-27', '15', '5', '1', '17.300', '0.975', '0.150', '2', 'B', '0.260', '1', '36.700', 1, '0.000', 0, '1.000', '1.000', '30.000', 0, 0),
(1219, '2019-05-27', '40', '6', '1', '31.575', '1.600', '0.400', '2', 'B', '0.260', '1', '0.000', 0, '0.000', 0, '0.000', '0.000', '0.000', 0, 0),
(1220, '2019-05-27', '17', '3', '1', '26.675', '2.450', '0.225', '2', 'B', '0.260', '2', '0.000', 0, '59.700', 2, '0.000', '0.000', '0.000', 0, 0),
(1221, '2019-05-27', '19', '2', '4', '19.040', '0.036', '0.000', '2', 'B', '0.260', '4', '0.000', 0, '0.000', 0, '0.000', '0.000', '0.000', 0, 0),
(1222, '2019-05-27', '20', '1', '4', '6.200', '0.018', '0.000', '4', 'B', '0.260', '4', '0.000', 0, '0.000', 0, '0.000', '0.000', '0.000', 0, 0),
(1223, '2019-05-27', '3', '1', '4', '5.440', '0.018', '0.000', '4', 'B', '0.260', '4', '0.000', 0, '0.000', 0, '0.000', '0.000', '0.000', 0, 0),
(1224, '2019-05-27', '33', '1', '4', '4.280', '0.018', '0.000', '4', 'B', '0.260', '4', '0.000', 0, '0.000', 0, '0.000', '0.000', '20.000', 0, 0),
(1225, '2019-05-27', '7', '1', '4', '8.420', '0.027', '0.000', '4', 'B', '0.260', '4', '0.000', 0, '0.000', 0, '0.000', '0.000', '0.000', 0, 0),
(1226, '2019-05-27', '12', '1', '4', '4.860', '0.000', '0.000', '4', 'B', '0.260', '4', '0.000', 0, '0.000', 0, '0.000', '0.000', '0.000', 0, 0),
(1227, '2019-05-27', '16', '1', '4', '3.200', '0.009', '0.000', '4', 'B', '0.260', '4', '0.000', 0, '0.000', 0, '0.000', '0.000', '0.000', 0, 0),
(1228, '2019-05-27', '6', '1', '4', '0.860', '0.000', '0.000', '4', 'B', '0.260', '4', '0.000', 0, '0.000', 0, '0.000', '0.000', '0.000', 0, 0),
(1229, '2019-05-27', '4', '1', '4', '1.040', '0.000', '0.000', '4', 'B', '0.260', '4', '0.000', 0, '0.000', 0, '0.000', '0.000', '0.000', 0, 0),
(1230, '2019-05-27', '15', '1', '4', '3.120', '0.000', '0.000', '4', 'B', '0.260', '4', '0.000', 0, '0.000', 0, '0.000', '0.000', '0.000', 0, 0),
(1231, '2019-05-27', '18', '1', '4', '1.280', '0.000', '0.000', '4', 'B', '0.260', '4', '0.000', 0, '0.000', 0, '0.000', '0.000', '0.000', 0, 0),
(1232, '2019-05-27', '45', '1', '1', '0.000', '0.000', '0.000', '2', 'B', '0.260', '1', '3.000', 0, '0.000', 0, '0.000', '0.000', '0.000', 0, 0),
(1233, '2019-05-27', '35', '1', '4', '169.052', '14.072', '0.000', '4', 'B', '0.260', '4', '0.000', 0, '0.000', 0, '0.000', '0.000', '0.000', 0, 0);

-- --------------------------------------------------------

--
-- Table structure for table `financial_period`
--

CREATE TABLE `financial_period` (
  `id` int(11) NOT NULL,
  `fsdate` date NOT NULL,
  `fedate` date NOT NULL,
  `psdate` date NOT NULL,
  `pedate` date NOT NULL
) ENGINE=InnoDB DEFAULT CHARSET=latin1;

--
-- Dumping data for table `financial_period`
--

INSERT INTO `financial_period` (`id`, `fsdate`, `fedate`, `psdate`, `pedate`) VALUES
(1, '2019-04-01', '2020-03-31', '2019-04-28', '2019-05-04');

-- --------------------------------------------------------

--
-- Table structure for table `finished_product`
--

CREATE TABLE `finished_product` (
  `id` int(11) NOT NULL,
  `label_id` int(11) NOT NULL,
  `cartons` int(11) NOT NULL,
  `total_bidi` decimal(10,3) NOT NULL,
  `date` date NOT NULL,
  `ref_id` int(11) NOT NULL
) ENGINE=InnoDB DEFAULT CHARSET=latin1;

--
-- Dumping data for table `finished_product`
--

INSERT INTO `finished_product` (`id`, `label_id`, `cartons`, `total_bidi`, `date`, `ref_id`) VALUES
(1, 1, 0, '0.000', '2019-04-25', 1),
(2, 2, 0, '0.000', '2019-04-25', 1),
(3, 3, 12, '489.600', '2019-04-25', 1),
(4, 4, 0, '0.000', '2019-04-25', 1),
(5, 5, 3, '162.000', '2019-04-25', 1),
(6, 6, 0, '0.000', '2019-04-25', 1),
(7, 7, 0, '0.000', '2019-04-25', 1),
(8, 8, 0, '0.000', '2019-04-25', 1),
(9, 9, 0, '0.000', '2019-04-25', 1),
(10, 1, 0, '0.000', '2019-04-26', 10),
(11, 2, 0, '0.000', '2019-04-26', 10),
(12, 3, 19, '775.200', '2019-04-26', 10),
(13, 4, 0, '0.000', '2019-04-26', 10),
(14, 5, 0, '0.000', '2019-04-26', 10),
(15, 6, 3, '123.552', '2019-04-26', 10),
(16, 7, 0, '0.000', '2019-04-26', 10),
(17, 8, 1, '48.000', '2019-04-26', 10),
(18, 9, 3, '120.000', '2019-04-26', 10),
(19, 1, 0, '0.000', '2019-04-27', 19),
(20, 2, 0, '0.000', '2019-04-27', 19),
(21, 3, 13, '530.400', '2019-04-27', 19),
(22, 4, 0, '0.000', '2019-04-27', 19),
(23, 5, 0, '0.000', '2019-04-27', 19),
(24, 6, 0, '0.000', '2019-04-27', 19),
(25, 7, 7, '300.300', '2019-04-27', 19),
(26, 8, 0, '0.000', '2019-04-27', 19),
(27, 9, 3, '120.000', '2019-04-27', 19),
(37, 1, 0, '0.000', '2019-04-28', 37),
(38, 2, 0, '0.000', '2019-04-28', 37),
(39, 3, 16, '652.800', '2019-04-28', 37),
(40, 4, 1, '47.520', '2019-04-28', 37),
(41, 5, 0, '0.000', '2019-04-28', 37),
(42, 6, 0, '0.000', '2019-04-28', 37),
(43, 7, 3, '128.700', '2019-04-28', 37),
(44, 8, 1, '48.000', '2019-04-28', 37),
(45, 9, 0, '0.000', '2019-04-28', 37),
(65, 1, 0, '0.000', '2019-04-29', 46),
(66, 3, 29, '1183.200', '2019-04-29', 46),
(67, 4, 2, '95.040', '2019-04-29', 46),
(68, 5, 2, '108.000', '2019-04-29', 46),
(69, 6, 1, '41.184', '2019-04-29', 46),
(70, 7, 3, '128.700', '2019-04-29', 46),
(71, 8, 1, '48.000', '2019-04-29', 46),
(72, 9, 4, '160.000', '2019-04-29', 46),
(73, 10, 0, '0.000', '2019-04-29', 46),
(74, 11, 0, '0.000', '2019-04-29', 46),
(75, 1, 0, '0.000', '2019-04-30', 75),
(76, 3, 17, '693.600', '2019-04-30', 75),
(77, 4, 0, '0.000', '2019-04-30', 75),
(78, 5, 0, '0.000', '2019-04-30', 75),
(79, 6, 0, '0.000', '2019-04-30', 75),
(80, 7, 0, '0.000', '2019-04-30', 75),
(81, 8, 1, '48.000', '2019-04-30', 75),
(82, 9, 0, '0.000', '2019-04-30', 75),
(83, 10, 0, '0.000', '2019-04-30', 75),
(84, 11, 0, '0.000', '2019-04-30', 75),
(115, 1, 1, '38.880', '2019-07-09', 115),
(116, 3, 3, '122.400', '2019-07-09', 115),
(117, 4, 1, '47.520', '2019-07-09', 115),
(118, 5, 1, '54.000', '2019-07-09', 115),
(119, 6, 1, '41.184', '2019-07-09', 115),
(120, 7, 1, '42.900', '2019-07-09', 115),
(121, 8, 1, '48.000', '2019-07-09', 115),
(122, 9, 1, '40.000', '2019-07-09', 115),
(123, 10, 1, '0.360', '2019-07-09', 115),
(124, 11, 1, '0.320', '2019-07-09', 115),
(125, 1, 1, '38.880', '2019-07-10', 125),
(126, 3, 1, '40.800', '2019-07-10', 125),
(127, 4, 1, '47.520', '2019-07-10', 125),
(128, 5, 11, '594.000', '2019-07-10', 125),
(129, 6, 1, '41.184', '2019-07-10', 125),
(130, 7, 1, '42.900', '2019-07-10', 125),
(131, 8, 1, '48.000', '2019-07-10', 125),
(132, 9, 1, '40.000', '2019-07-10', 125),
(133, 10, 1, '0.360', '2019-07-10', 125),
(134, 11, 1, '0.320', '2019-07-10', 125),
(135, 1, 0, '0.000', '2019-07-10', 135),
(136, 3, 0, '0.000', '2019-07-10', 135),
(137, 4, 0, '0.000', '2019-07-10', 135),
(138, 5, 0, '0.000', '2019-07-10', 135),
(139, 6, 0, '0.000', '2019-07-10', 135),
(140, 7, 0, '0.000', '2019-07-10', 135),
(141, 8, 0, '0.000', '2019-07-10', 135),
(142, 9, 0, '0.000', '2019-07-10', 135),
(143, 10, 0, '0.000', '2019-07-10', 135),
(144, 11, 0, '0.000', '2019-07-10', 135);

-- --------------------------------------------------------

--
-- Table structure for table `information`
--

CREATE TABLE `information` (
  `id` int(11) NOT NULL,
  `refid` int(11) NOT NULL,
  `name` varchar(200) NOT NULL,
  `amount` varchar(200) NOT NULL,
  `remark` varchar(200) NOT NULL
) ENGINE=InnoDB DEFAULT CHARSET=utf8;

-- --------------------------------------------------------

--
-- Table structure for table `item_master`
--

CREATE TABLE `item_master` (
  `id` int(11) NOT NULL,
  `name` varchar(50) NOT NULL,
  `type` varchar(50) NOT NULL,
  `unit` varchar(50) NOT NULL,
  `qty` decimal(10,3) NOT NULL,
  `alt_unit` varchar(50) NOT NULL,
  `alt_qty` int(11) NOT NULL
) ENGINE=InnoDB DEFAULT CHARSET=latin1;

--
-- Dumping data for table `item_master`
--

INSERT INTO `item_master` (`id`, `name`, `type`, `unit`, `qty`, `alt_unit`, `alt_qty`) VALUES
(1, 'BIDI LEAVES', 'RAW', 'KG', '0.000', 'BAGS', 0),
(2, 'TOBACCO', 'RAW', 'KG', '0.000', 'BAGS', 0),
(3, 'BLACK YARN', 'RAW', 'PIECES', '0.000', '', 0),
(4, 'WHITE YARN', 'RAW', 'PIECES', '0.000', 'BOX', 0),
(5, 'FILTER', 'RAW', 'PIECES', '4315.000', 'BOX', 11),
(6, 'DISC', 'RAW', 'PIECES', '0.000', '', 0),
(7, 'CARTONS-ORD', 'PACKING', 'PIECES', '0.000', '', 0),
(8, 'CARTONS-SPL', 'PACKING', 'PIECES', '0.000', '', 0),
(9, 'CARTONS-FILTER', 'PACKING', 'PIECES', '0.000', '', 0),
(10, 'PLASTIC CARTONS', 'PACKING', 'PIECES', '0.000', '', 0),
(11, 'BIDI-ASAL', 'RAW', 'PIECES', '0.000', '', 0),
(12, 'BIDI-CHANT', 'RAW', 'PIECES', '0.000', '', 0),
(13, 'BIDI-FILTER', 'RAW', 'PIECES', '0.000', '', 0),
(14, 'BIDI-FILTER CHANT', 'RAW', 'PIECES', '0.000', '', 0);

-- --------------------------------------------------------

--
-- Table structure for table `packingbatch`
--

CREATE TABLE `packingbatch` (
  `id` int(11) NOT NULL,
  `name` varchar(255) NOT NULL,
  `lablenm` varchar(255) NOT NULL,
  `ratio1` int(11) NOT NULL,
  `ratio2` int(11) NOT NULL,
  `ratio3` int(11) NOT NULL,
  `openingcurtn` int(11) NOT NULL,
  `asalbidi` decimal(10,3) NOT NULL,
  `chantbidi` decimal(10,3) NOT NULL,
  `status` int(1) NOT NULL DEFAULT '1',
  `index_value` varchar(11) NOT NULL
) ENGINE=InnoDB DEFAULT CHARSET=latin1;

--
-- Dumping data for table `packingbatch`
--

INSERT INTO `packingbatch` (`id`, `name`, `lablenm`, `ratio1`, `ratio2`, `ratio3`, `openingcurtn`, `asalbidi`, `chantbidi`, `status`, `index_value`) VALUES
(1, 'DINESH SPL', 'DINESH SPL(9X24X180)', 9, 24, 180, 0, '38.880', '0.000', 1, 'A'),
(2, 'DINESH SPL', 'DINESH SPL(25X20X120)', 25, 20, 120, 0, '60.000', '0.000', 1, ''),
(3, 'DINESH SPL', 'DINESH SPL(17X20X120)', 17, 20, 120, 0, '40.800', '0.000', 1, 'B'),
(4, 'DP-5', 'DP-5(11X24X180)', 11, 24, 180, 0, '47.520', '0.000', 1, 'f'),
(5, 'DINESH SPL ', 'DINESH SPL (10X24X225)', 10, 24, 225, 0, '54.000', '0.000', 1, 'a'),
(6, 'RC-5 ', 'RC-5 (13X24X132)', 13, 24, 132, 0, '0.000', '41.184', 1, 'f'),
(7, 'FILTER - 10 ', 'FILTER - 10 (13X20X165)', 13, 20, 165, 0, '42.900', '0.000', 1, 'a'),
(8, 'FILTER - 15 ', 'FILTER - 15 (20X20X120)', 20, 20, 120, 0, '48.000', '0.000', 1, 'd'),
(9, 'DINESH SUPREME ', 'DINESH SUPREME (25X20X80)', 25, 20, 80, 0, '40.000', '0.000', 1, 'c'),
(10, 'DPF -5 ', 'DPF -5 (10X36X1)', 10, 36, 1, 1, '0.360', '0.000', 1, 'Z'),
(11, 'VBN - 10 ', 'VBN - 10 (16X20X1)', 16, 20, 1, 0, '0.320', '0.000', 1, 'X');

-- --------------------------------------------------------

--
-- Table structure for table `packingbatchdetails`
--

CREATE TABLE `packingbatchdetails` (
  `id` int(11) NOT NULL,
  `pid` int(11) NOT NULL,
  `itemid` int(11) NOT NULL,
  `qty` int(11) NOT NULL,
  `unit` varchar(255) NOT NULL
) ENGINE=InnoDB DEFAULT CHARSET=latin1;

--
-- Dumping data for table `packingbatchdetails`
--

INSERT INTO `packingbatchdetails` (`id`, `pid`, `itemid`, `qty`, `unit`) VALUES
(1, 2, 7, 0, 'PIECES'),
(2, 2, 8, 0, 'PIECES'),
(3, 2, 9, 1, 'PIECES'),
(4, 2, 10, 1, 'PIECES'),
(5, 3, 7, 0, 'PIECES'),
(6, 3, 8, 1, 'PIECES'),
(7, 3, 9, 0, 'PIECES'),
(8, 3, 10, 1, 'PIECES'),
(9, 4, 7, 0, 'PIECES'),
(10, 4, 8, 0, 'PIECES'),
(11, 4, 9, 1, 'PIECES'),
(12, 4, 10, 1, 'PIECES'),
(17, 5, 7, 0, 'PIECES'),
(18, 5, 8, 0, 'PIECES'),
(19, 5, 9, 1, 'PIECES'),
(20, 5, 10, 1, 'PIECES'),
(21, 6, 7, 0, 'PIECES'),
(22, 6, 8, 0, 'PIECES'),
(23, 6, 9, 0, 'PIECES'),
(24, 6, 10, 0, 'PIECES'),
(25, 7, 7, 0, 'PIECES'),
(26, 7, 8, 0, 'PIECES'),
(27, 7, 9, 0, 'PIECES'),
(28, 7, 10, 0, 'PIECES'),
(29, 8, 7, 0, 'PIECES'),
(30, 8, 8, 0, 'PIECES'),
(31, 8, 9, 0, 'PIECES'),
(32, 8, 10, 0, 'PIECES'),
(33, 9, 7, 0, 'PIECES'),
(34, 9, 8, 0, 'PIECES'),
(35, 9, 9, 0, 'PIECES'),
(36, 9, 10, 0, 'PIECES'),
(37, 10, 7, 0, 'PIECES'),
(38, 10, 8, 0, 'PIECES'),
(39, 10, 9, 0, 'PIECES'),
(40, 10, 10, 0, 'PIECES'),
(41, 11, 7, 0, 'PIECES'),
(42, 11, 8, 0, 'PIECES'),
(43, 11, 9, 0, 'PIECES'),
(44, 11, 10, 0, 'PIECES');

-- --------------------------------------------------------

--
-- Table structure for table `purchase_data`
--

CREATE TABLE `purchase_data` (
  `id` int(11) NOT NULL,
  `purchase_id` int(11) NOT NULL,
  `item_id` varchar(11) NOT NULL,
  `item_batch` varchar(50) NOT NULL,
  `qty` int(11) NOT NULL,
  `alt_qty` int(11) NOT NULL,
  `rate` decimal(10,2) NOT NULL
) ENGINE=InnoDB DEFAULT CHARSET=latin1;

--
-- Dumping data for table `purchase_data`
--

INSERT INTO `purchase_data` (`id`, `purchase_id`, `item_id`, `item_batch`, `qty`, `alt_qty`, `rate`) VALUES
(3, 2, '2', '3RD GRADE', 11, 11, '10.00'),
(4, 2, '2', 'TOBACCO MIXTURE', 2, 2, '2.00'),
(5, 2, '2', 'TOBACCO MIXTURE', 1, 1, '1.00'),
(6, 4, '2', 'TOBACCO MIXTURE', 10, 15, '10.00'),
(7, 7, '2', 'AKOL', 14, 4, '5.00'),
(9, 8, '1', 'batch1', 101, 15, '10.00'),
(10, 8, '2', 'AKOL', 15, 10, '14.00'),
(11, 9, '2', 'sds', 10, 10, '5.00'),
(13, 14, '2', 'PANGIR', 1, 1, '1.00'),
(14, 15, '1', 'batch1', 2, 10, '100.00'),
(15, 15, '2', 'PANGIR', 10, 10, '2.00');

-- --------------------------------------------------------

--
-- Table structure for table `purchase_master`
--

CREATE TABLE `purchase_master` (
  `id` int(11) NOT NULL,
  `purchase_id` int(11) NOT NULL,
  `sale_id` int(11) NOT NULL,
  `voucher_date` date NOT NULL,
  `type` varchar(50) NOT NULL,
  `bill_no` varchar(50) NOT NULL,
  `bill_date` date NOT NULL,
  `party_id` int(11) NOT NULL,
  `sgst` int(11) NOT NULL,
  `cgst` int(11) NOT NULL,
  `igst` int(11) NOT NULL,
  `nccd` decimal(10,2) NOT NULL DEFAULT '0.00',
  `total` decimal(10,2) NOT NULL,
  `truck_no` varchar(250) NOT NULL,
  `freight` decimal(10,2) NOT NULL,
  `basic` decimal(10,2) NOT NULL
) ENGINE=InnoDB DEFAULT CHARSET=latin1;

--
-- Dumping data for table `purchase_master`
--

INSERT INTO `purchase_master` (`id`, `purchase_id`, `sale_id`, `voucher_date`, `type`, `bill_no`, `bill_date`, `party_id`, `sgst`, `cgst`, `igst`, `nccd`, `total`, `truck_no`, `freight`, `basic`) VALUES
(1, 0, 1, '2019-06-15', 'Finish Product', '0', '2019-06-15', 0, 14, 14, 0, '1.00', '32175.00', '', '0.00', '0.00'),
(2, 1, 0, '2019-07-10', 'Purchase', '', '2019-07-10', 24, 5, 5, 0, '0.00', '115.00', '101', '1510.00', '0.00'),
(3, 0, 2, '2019-07-16', 'Finish Product', '0', '2019-07-16', 23, 5, 5, 0, '1.00', '39268.80', '1010', '150.00', '0.00'),
(4, 2, 0, '2019-07-06', 'Purchase', '1001', '2019-07-02', 22, 10, 10, 0, '0.00', '100.00', '101', '150.00', '0.00'),
(5, 0, 3, '2019-07-12', 'Finish Product', '0', '2019-07-12', 23, 5, 5, 0, '5.00', '40.00', '1010', '150.00', '0.00'),
(7, 3, 0, '2019-07-16', 'Purchase', '', '0000-00-00', 23, 7, 7, 0, '0.00', '70.00', '10', '141.00', '0.00'),
(8, 4, 0, '2019-07-15', 'Purchase', '123', '2019-07-15', 22, 5, 5, 0, '0.00', '1220.00', '12', '150.00', '0.00'),
(9, 5, 0, '2019-07-15', 'Purchase', '12', '2019-07-15', 23, 3, 3, 0, '0.00', '50.00', '1010', '150.00', '0.00'),
(10, 0, 4, '2019-07-15', 'Finish Product', '0', '2019-07-15', 23, 5, 5, 0, '3.00', '6360.00', '10', '145.00', '3.00'),
(11, 0, 5, '2019-08-01', 'Finish Product', '0', '2019-08-01', 22, 5, 5, 0, '5.00', '462.00', '1010', '150.00', '5.00'),
(12, 0, 6, '2019-09-11', 'Finish Product', '0', '2019-09-11', 24, 2, 2, 0, '2.00', '80.80', '14', '15.00', '2.00'),
(13, 0, 7, '2019-09-17', 'Finish Product', '0', '2019-09-17', 22, 3, 3, 0, '1.00', '6120.00', '101', '12.00', '1.00'),
(14, 0, 8, '2019-07-30', 'Sales', '', '2019-08-16', 44, 0, 0, 0, '0.00', '1.00', '1010', '150.00', '0.00'),
(15, 0, 9, '2019-08-16', 'Sales', '', '2019-08-16', 23, 0, 0, 0, '0.00', '220.00', '10', '20.00', '0.00');

-- --------------------------------------------------------

--
-- Table structure for table `rate_master`
--

CREATE TABLE `rate_master` (
  `id` int(11) NOT NULL,
  `fdate` date NOT NULL,
  `sdate` date NOT NULL,
  `batch` varchar(50) NOT NULL,
  `leaves` decimal(10,2) NOT NULL,
  `tobacco` decimal(10,2) NOT NULL,
  `lbag` decimal(10,2) NOT NULL,
  `tbag` decimal(10,2) NOT NULL,
  `bl_sutta` decimal(10,2) NOT NULL,
  `wh_sutta` decimal(10,2) NOT NULL,
  `dise` decimal(10,2) NOT NULL,
  `filter` decimal(10,2) NOT NULL
) ENGINE=InnoDB DEFAULT CHARSET=latin1;

--
-- Dumping data for table `rate_master`
--

INSERT INTO `rate_master` (`id`, `fdate`, `sdate`, `batch`, `leaves`, `tobacco`, `lbag`, `tbag`, `bl_sutta`, `wh_sutta`, `dise`, `filter`) VALUES
(1, '2019-04-01', '2020-03-31', '1', '140.00', '140.00', '0.00', '40.00', '50.00', '90.00', '2.00', '100.00'),
(2, '2019-04-01', '2020-03-31', '4', '140.00', '140.00', '0.00', '40.00', '50.00', '90.00', '2.00', '100.00'),
(3, '2019-04-01', '2020-03-31', '2', '90.00', '140.00', '0.00', '40.00', '50.00', '90.00', '2.00', '100.00'),
(4, '2019-04-01', '2020-03-31', '5', '140.00', '140.00', '0.00', '30.00', '50.00', '90.00', '2.00', '100.00');

-- --------------------------------------------------------

--
-- Table structure for table `raw_batch_master`
--

CREATE TABLE `raw_batch_master` (
  `id` int(11) NOT NULL,
  `batch` varchar(50) NOT NULL
) ENGINE=InnoDB DEFAULT CHARSET=latin1;

--
-- Dumping data for table `raw_batch_master`
--

INSERT INTO `raw_batch_master` (`id`, `batch`) VALUES
(1, 'TOBACCO MIXTURE'),
(2, 'AKOL'),
(3, 'LASUNDARA'),
(4, 'DIAMOND'),
(5, 'PANGIR'),
(6, 'AMBALAL'),
(7, '3RD GRADE'),
(8, 'KANDI'),
(9, ''),
(10, ''),
(11, ''),
(12, 'abc'),
(13, 'abc'),
(14, 'abc'),
(15, 'asdsa'),
(16, 'sds'),
(17, 'sagaer'),
(18, 'tobaccobatch'),
(19, 'sadf');

-- --------------------------------------------------------

--
-- Table structure for table `raw_item`
--

CREATE TABLE `raw_item` (
  `id` int(11) NOT NULL,
  `date` date NOT NULL,
  `t_from` int(11) NOT NULL,
  `batch1` int(11) NOT NULL,
  `b_qty` decimal(10,3) NOT NULL,
  `t_qty` decimal(10,3) NOT NULL,
  `bags` decimal(10,2) NOT NULL,
  `t_to` int(11) NOT NULL,
  `batch2` int(11) NOT NULL
) ENGINE=InnoDB DEFAULT CHARSET=latin1;

--
-- Dumping data for table `raw_item`
--

INSERT INTO `raw_item` (`id`, `date`, `t_from`, `batch1`, `b_qty`, `t_qty`, `bags`, `t_to`, `batch2`) VALUES
(1, '2019-04-03', 35, 1, '0.000', '342.900', '0.00', 38, 1),
(2, '2019-04-03', 35, 1, '771.800', '250.900', '0.00', 39, 1),
(3, '2019-04-11', 35, 1, '817.600', '283.500', '0.00', 37, 1),
(4, '2019-04-11', 35, 1, '1695.600', '0.000', '0.00', 36, 1),
(5, '2019-07-11', 6, 6, '100.000', '100.000', '150.00', 5, 6),
(6, '2019-07-12', 3, 5, '10.000', '1.000', '1.00', 4, 2),
(7, '2019-07-05', 6, 4, '10.000', '10.000', '10.00', 6, 4);

-- --------------------------------------------------------

--
-- Table structure for table `role_master`
--

CREATE TABLE `role_master` (
  `id` int(11) NOT NULL,
  `name` varchar(25) NOT NULL,
  `status` int(1) NOT NULL,
  `date` date NOT NULL
) ENGINE=InnoDB DEFAULT CHARSET=latin1;

--
-- Dumping data for table `role_master`
--

INSERT INTO `role_master` (`id`, `name`, `status`, `date`) VALUES
(1, 'Admin', 1, '2019-02-20');

-- --------------------------------------------------------

--
-- Table structure for table `sale_data`
--

CREATE TABLE `sale_data` (
  `id` int(11) NOT NULL,
  `sale_id` int(11) NOT NULL,
  `batch_id` int(11) NOT NULL,
  `stock` int(11) NOT NULL,
  `pack` int(11) NOT NULL,
  `qty` decimal(10,3) NOT NULL,
  `rate` decimal(10,2) NOT NULL
) ENGINE=InnoDB DEFAULT CHARSET=latin1;

--
-- Dumping data for table `sale_data`
--

INSERT INTO `sale_data` (`id`, `sale_id`, `batch_id`, `stock`, `pack`, `qty`, `rate`) VALUES
(2, 3, 1, 0, 101, '3926.880', '10.00'),
(3, 1, 7, 0, 2, '85.800', '375.00'),
(4, 5, 9, 0, 1, '40.000', '1.00'),
(5, 10, 3, 0, 14, '571.200', '10.00'),
(6, 10, 5, 0, 1, '54.000', '12.00'),
(7, 11, 3, 0, 10, '408.000', '1.00'),
(8, 11, 5, 0, 1, '54.000', '1.00'),
(9, 12, 3, 0, 1, '40.800', '1.00'),
(10, 12, 9, 0, 1, '40.000', '1.00'),
(11, 13, 3, 0, 10, '408.000', '15.00');

-- --------------------------------------------------------

--
-- Table structure for table `states`
--

CREATE TABLE `states` (
  `id` int(11) NOT NULL,
  `name` varchar(30) NOT NULL,
  `state_code` varchar(4) NOT NULL
) ENGINE=InnoDB DEFAULT CHARSET=latin1;

--
-- Dumping data for table `states`
--

INSERT INTO `states` (`id`, `name`, `state_code`) VALUES
(1, 'Andaman and Nicobar Islands', '35'),
(2, 'Andhra Pradesh', '37'),
(3, 'Arunachal Pradesh', '12'),
(4, 'Assam', '18'),
(5, 'Bihar', '10'),
(6, 'Chandigarh', '04'),
(7, 'Chhattisgarh', '22'),
(8, 'Dadra and Nagar Haveli', '26'),
(9, 'Daman and Diu', '25'),
(10, 'Delhi', '07'),
(11, 'Goa', '30'),
(12, 'Gujarat', '24'),
(13, 'Haryana', '06'),
(14, 'Himachal Pradesh', '02'),
(15, 'Jammu and Kashmir', '01'),
(16, 'Jharkhand', '20'),
(17, 'Karnataka', '29'),
(19, 'Kerala', '32'),
(20, 'Lakshadweep', '31'),
(21, 'Madhya Pradesh', '23'),
(22, 'Maharashtra', '27'),
(23, 'Manipur', '14'),
(24, 'Meghalaya', '17'),
(25, 'Mizoram', '15'),
(26, 'Nagaland', '13'),
(29, 'Odisha', '21'),
(31, 'Pondicherry', '34'),
(32, 'Punjab', '03'),
(33, 'Rajasthan', '08'),
(34, 'Sikkim', '11'),
(35, 'Tamil Nadu', '33'),
(36, 'Telangana', '36'),
(37, 'Tripura', '16'),
(38, 'Uttar Pradesh', '09'),
(39, 'Uttarakhand', '05'),
(41, 'West Bengal', '19');

-- --------------------------------------------------------

--
-- Table structure for table `tobaccomix_data`
--

CREATE TABLE `tobaccomix_data` (
  `id` int(11) NOT NULL,
  `ref_id` int(11) NOT NULL,
  `batch` int(11) NOT NULL,
  `unit` int(11) NOT NULL,
  `alt_bag` int(11) NOT NULL
) ENGINE=InnoDB DEFAULT CHARSET=latin1;

-- --------------------------------------------------------

--
-- Table structure for table `tobaccomix_master`
--

CREATE TABLE `tobaccomix_master` (
  `id` int(11) NOT NULL,
  `date` date NOT NULL,
  `batch` int(11) NOT NULL,
  `unit` int(11) NOT NULL,
  `alt_bag` int(11) NOT NULL,
  `labor_charge` int(11) NOT NULL
) ENGINE=InnoDB DEFAULT CHARSET=latin1;

--
-- Dumping data for table `tobaccomix_master`
--

INSERT INTO `tobaccomix_master` (`id`, `date`, `batch`, `unit`, `alt_bag`, `labor_charge`) VALUES
(1, '2019-07-10', 1, 10, 10, 1);

-- --------------------------------------------------------

--
-- Table structure for table `user_master`
--

CREATE TABLE `user_master` (
  `id` int(11) NOT NULL,
  `user_name` varchar(50) NOT NULL,
  `user_id` varchar(50) NOT NULL,
  `email` varchar(50) NOT NULL,
  `phone` varchar(10) NOT NULL,
  `mobile` varchar(10) NOT NULL,
  `password` varchar(25) NOT NULL,
  `doj` date NOT NULL,
  `role` int(10) NOT NULL
) ENGINE=InnoDB DEFAULT CHARSET=latin1;

--
-- Dumping data for table `user_master`
--

INSERT INTO `user_master` (`id`, `user_name`, `user_id`, `email`, `phone`, `mobile`, `password`, `doj`, `role`) VALUES
(1, 'admin', 'admin', 'sagar@gmail.com', '7896541230', '9632587410', 'admin', '2019-02-20', 1);

-- --------------------------------------------------------

--
-- Table structure for table `vouchar`
--

CREATE TABLE `vouchar` (
  `id` int(11) NOT NULL,
  `date` date NOT NULL,
  `type` varchar(11) NOT NULL,
  `from` varchar(200) NOT NULL,
  `to` varchar(200) NOT NULL,
  `amount` decimal(10,2) NOT NULL,
  `remark` varchar(200) NOT NULL
) ENGINE=InnoDB DEFAULT CHARSET=utf8;

-- --------------------------------------------------------

--
-- Table structure for table `wages_fixation`
--

CREATE TABLE `wages_fixation` (
  `id` int(11) NOT NULL,
  `name` varchar(50) NOT NULL,
  `wages` decimal(10,2) NOT NULL,
  `bonus` decimal(10,2) NOT NULL,
  `handling` decimal(10,2) NOT NULL,
  `pf` int(11) NOT NULL,
  `tds` int(11) NOT NULL,
  `chat_biri` decimal(10,2) NOT NULL,
  `com_date` date NOT NULL,
  `commition` decimal(10,2) NOT NULL,
  `index_value` varchar(11) NOT NULL
) ENGINE=InnoDB DEFAULT CHARSET=latin1;

--
-- Dumping data for table `wages_fixation`
--

INSERT INTO `wages_fixation` (`id`, `name`, `wages`, `bonus`, `handling`, `pf`, `tds`, `chat_biri`, `com_date`, `commition`, `index_value`) VALUES
(1, 'MDP-2019', '140.00', '0.00', '0.00', 0, 0, '0.00', '2019-03-30', '0.00', 'B'),
(2, 'WAGES-120', '120.00', '29.00', '8.50', 10, 1, '90.00', '2017-11-01', '0.00', 'A'),
(3, 'BPS', '157.50', '0.00', '12.50', 0, 0, '0.00', '2017-11-01', '0.00', 'C'),
(4, 'FILTER-JLD', '120.00', '56.00', '10.00', 10, 1, '0.00', '2017-11-01', '0.00', 'D'),
(5, 'FILTER-MDP', '160.00', '0.00', '0.00', 0, 0, '0.00', '2019-04-01', '0.00', 'E'),
(6, 'JHAJHA-2019', '137.00', '0.00', '0.00', 0, 0, '0.00', '2019-04-01', '0.00', 'F');

-- --------------------------------------------------------

--
-- Table structure for table `weekly_adjustment`
--

CREATE TABLE `weekly_adjustment` (
  `id` int(11) NOT NULL,
  `entry_date` date NOT NULL,
  `to_date` date NOT NULL,
  `qty` decimal(10,3) NOT NULL
) ENGINE=InnoDB DEFAULT CHARSET=latin1;

--
-- Dumping data for table `weekly_adjustment`
--

INSERT INTO `weekly_adjustment` (`id`, `entry_date`, `to_date`, `qty`) VALUES
(1, '2019-04-01', '2019-04-13', '1.000'),
(2, '2019-04-14', '2019-04-20', '0.500'),
(3, '2019-04-21', '2019-04-27', '0.500'),
(4, '2019-04-28', '2019-05-04', '0.500');

--
-- Indexes for dumped tables
--

--
-- Indexes for table `batch_master`
--
ALTER TABLE `batch_master`
  ADD PRIMARY KEY (`id`);

--
-- Indexes for table `batch_wise_stock`
--
ALTER TABLE `batch_wise_stock`
  ADD PRIMARY KEY (`id`);

--
-- Indexes for table `checker_master`
--
ALTER TABLE `checker_master`
  ADD PRIMARY KEY (`id`);

--
-- Indexes for table `company_management`
--
ALTER TABLE `company_management`
  ADD PRIMARY KEY (`id`);

--
-- Indexes for table `con-party_master`
--
ALTER TABLE `con-party_master`
  ADD PRIMARY KEY (`id`);

--
-- Indexes for table `contractor_master`
--
ALTER TABLE `contractor_master`
  ADD PRIMARY KEY (`id`);

--
-- Indexes for table `cont_adj`
--
ALTER TABLE `cont_adj`
  ADD PRIMARY KEY (`id`);

--
-- Indexes for table `cont_issue_receive`
--
ALTER TABLE `cont_issue_receive`
  ADD PRIMARY KEY (`id`);

--
-- Indexes for table `financial_period`
--
ALTER TABLE `financial_period`
  ADD PRIMARY KEY (`id`);

--
-- Indexes for table `finished_product`
--
ALTER TABLE `finished_product`
  ADD PRIMARY KEY (`id`);

--
-- Indexes for table `information`
--
ALTER TABLE `information`
  ADD PRIMARY KEY (`id`);

--
-- Indexes for table `item_master`
--
ALTER TABLE `item_master`
  ADD PRIMARY KEY (`id`);

--
-- Indexes for table `packingbatch`
--
ALTER TABLE `packingbatch`
  ADD PRIMARY KEY (`id`);

--
-- Indexes for table `packingbatchdetails`
--
ALTER TABLE `packingbatchdetails`
  ADD PRIMARY KEY (`id`);

--
-- Indexes for table `purchase_data`
--
ALTER TABLE `purchase_data`
  ADD PRIMARY KEY (`id`);

--
-- Indexes for table `purchase_master`
--
ALTER TABLE `purchase_master`
  ADD PRIMARY KEY (`id`);

--
-- Indexes for table `rate_master`
--
ALTER TABLE `rate_master`
  ADD PRIMARY KEY (`id`);

--
-- Indexes for table `raw_batch_master`
--
ALTER TABLE `raw_batch_master`
  ADD PRIMARY KEY (`id`);

--
-- Indexes for table `raw_item`
--
ALTER TABLE `raw_item`
  ADD PRIMARY KEY (`id`);

--
-- Indexes for table `role_master`
--
ALTER TABLE `role_master`
  ADD PRIMARY KEY (`id`);

--
-- Indexes for table `sale_data`
--
ALTER TABLE `sale_data`
  ADD PRIMARY KEY (`id`);

--
-- Indexes for table `states`
--
ALTER TABLE `states`
  ADD PRIMARY KEY (`id`);

--
-- Indexes for table `tobaccomix_data`
--
ALTER TABLE `tobaccomix_data`
  ADD PRIMARY KEY (`id`);

--
-- Indexes for table `tobaccomix_master`
--
ALTER TABLE `tobaccomix_master`
  ADD PRIMARY KEY (`id`);

--
-- Indexes for table `user_master`
--
ALTER TABLE `user_master`
  ADD PRIMARY KEY (`id`);

--
-- Indexes for table `vouchar`
--
ALTER TABLE `vouchar`
  ADD PRIMARY KEY (`id`);

--
-- Indexes for table `wages_fixation`
--
ALTER TABLE `wages_fixation`
  ADD PRIMARY KEY (`id`);

--
-- Indexes for table `weekly_adjustment`
--
ALTER TABLE `weekly_adjustment`
  ADD PRIMARY KEY (`id`);

--
-- AUTO_INCREMENT for dumped tables
--

--
-- AUTO_INCREMENT for table `batch_master`
--
ALTER TABLE `batch_master`
  MODIFY `id` int(11) NOT NULL AUTO_INCREMENT, AUTO_INCREMENT=7;

--
-- AUTO_INCREMENT for table `batch_wise_stock`
--
ALTER TABLE `batch_wise_stock`
  MODIFY `id` int(11) NOT NULL AUTO_INCREMENT, AUTO_INCREMENT=13;

--
-- AUTO_INCREMENT for table `checker_master`
--
ALTER TABLE `checker_master`
  MODIFY `id` int(11) NOT NULL AUTO_INCREMENT, AUTO_INCREMENT=7;

--
-- AUTO_INCREMENT for table `company_management`
--
ALTER TABLE `company_management`
  MODIFY `id` int(11) NOT NULL AUTO_INCREMENT, AUTO_INCREMENT=2;

--
-- AUTO_INCREMENT for table `con-party_master`
--
ALTER TABLE `con-party_master`
  MODIFY `id` int(11) NOT NULL AUTO_INCREMENT, AUTO_INCREMENT=46;

--
-- AUTO_INCREMENT for table `contractor_master`
--
ALTER TABLE `contractor_master`
  MODIFY `id` int(11) NOT NULL AUTO_INCREMENT, AUTO_INCREMENT=30;

--
-- AUTO_INCREMENT for table `cont_adj`
--
ALTER TABLE `cont_adj`
  MODIFY `id` int(11) NOT NULL AUTO_INCREMENT, AUTO_INCREMENT=4;

--
-- AUTO_INCREMENT for table `cont_issue_receive`
--
ALTER TABLE `cont_issue_receive`
  MODIFY `id` int(11) NOT NULL AUTO_INCREMENT, AUTO_INCREMENT=1234;

--
-- AUTO_INCREMENT for table `financial_period`
--
ALTER TABLE `financial_period`
  MODIFY `id` int(11) NOT NULL AUTO_INCREMENT, AUTO_INCREMENT=2;

--
-- AUTO_INCREMENT for table `finished_product`
--
ALTER TABLE `finished_product`
  MODIFY `id` int(11) NOT NULL AUTO_INCREMENT, AUTO_INCREMENT=145;

--
-- AUTO_INCREMENT for table `information`
--
ALTER TABLE `information`
  MODIFY `id` int(11) NOT NULL AUTO_INCREMENT;

--
-- AUTO_INCREMENT for table `item_master`
--
ALTER TABLE `item_master`
  MODIFY `id` int(11) NOT NULL AUTO_INCREMENT, AUTO_INCREMENT=15;

--
-- AUTO_INCREMENT for table `packingbatch`
--
ALTER TABLE `packingbatch`
  MODIFY `id` int(11) NOT NULL AUTO_INCREMENT, AUTO_INCREMENT=12;

--
-- AUTO_INCREMENT for table `packingbatchdetails`
--
ALTER TABLE `packingbatchdetails`
  MODIFY `id` int(11) NOT NULL AUTO_INCREMENT, AUTO_INCREMENT=45;

--
-- AUTO_INCREMENT for table `purchase_data`
--
ALTER TABLE `purchase_data`
  MODIFY `id` int(11) NOT NULL AUTO_INCREMENT, AUTO_INCREMENT=16;

--
-- AUTO_INCREMENT for table `purchase_master`
--
ALTER TABLE `purchase_master`
  MODIFY `id` int(11) NOT NULL AUTO_INCREMENT, AUTO_INCREMENT=16;

--
-- AUTO_INCREMENT for table `rate_master`
--
ALTER TABLE `rate_master`
  MODIFY `id` int(11) NOT NULL AUTO_INCREMENT, AUTO_INCREMENT=5;

--
-- AUTO_INCREMENT for table `raw_batch_master`
--
ALTER TABLE `raw_batch_master`
  MODIFY `id` int(11) NOT NULL AUTO_INCREMENT, AUTO_INCREMENT=20;

--
-- AUTO_INCREMENT for table `raw_item`
--
ALTER TABLE `raw_item`
  MODIFY `id` int(11) NOT NULL AUTO_INCREMENT, AUTO_INCREMENT=8;

--
-- AUTO_INCREMENT for table `role_master`
--
ALTER TABLE `role_master`
  MODIFY `id` int(11) NOT NULL AUTO_INCREMENT, AUTO_INCREMENT=2;

--
-- AUTO_INCREMENT for table `sale_data`
--
ALTER TABLE `sale_data`
  MODIFY `id` int(11) NOT NULL AUTO_INCREMENT, AUTO_INCREMENT=12;

--
-- AUTO_INCREMENT for table `states`
--
ALTER TABLE `states`
  MODIFY `id` int(11) NOT NULL AUTO_INCREMENT, AUTO_INCREMENT=42;

--
-- AUTO_INCREMENT for table `tobaccomix_data`
--
ALTER TABLE `tobaccomix_data`
  MODIFY `id` int(11) NOT NULL AUTO_INCREMENT;

--
-- AUTO_INCREMENT for table `tobaccomix_master`
--
ALTER TABLE `tobaccomix_master`
  MODIFY `id` int(11) NOT NULL AUTO_INCREMENT, AUTO_INCREMENT=2;

--
-- AUTO_INCREMENT for table `user_master`
--
ALTER TABLE `user_master`
  MODIFY `id` int(11) NOT NULL AUTO_INCREMENT, AUTO_INCREMENT=2;

--
-- AUTO_INCREMENT for table `vouchar`
--
ALTER TABLE `vouchar`
  MODIFY `id` int(11) NOT NULL AUTO_INCREMENT;

--
-- AUTO_INCREMENT for table `wages_fixation`
--
ALTER TABLE `wages_fixation`
  MODIFY `id` int(11) NOT NULL AUTO_INCREMENT, AUTO_INCREMENT=7;

--
-- AUTO_INCREMENT for table `weekly_adjustment`
--
ALTER TABLE `weekly_adjustment`
  MODIFY `id` int(11) NOT NULL AUTO_INCREMENT, AUTO_INCREMENT=5;
COMMIT;

/*!40101 SET CHARACTER_SET_CLIENT=@OLD_CHARACTER_SET_CLIENT */;
/*!40101 SET CHARACTER_SET_RESULTS=@OLD_CHARACTER_SET_RESULTS */;
/*!40101 SET COLLATION_CONNECTION=@OLD_COLLATION_CONNECTION */;
